hip,ra,dec,mag,bv,name,designation
32349,101.2872,-16.7161,-1.44,0.01,Sirius,Alpha CMa
30438,95.988,-52.6957,-0.62,0.16,Canopus,Alpha Car
69673,213.9153,19.1824,-0.05,1.24,Arcturus,Alpha Boo
71683,219.9021,-60.834,-0.01,0.71,Rigil Kentaurus,α1 Cen
91262,279.2347,38.7837,0.03,-0.0,Vega,Alpha Lyr
24608,79.1723,45.998,0.08,0.8,Capella,Alpha Aur
24436,78.6345,-8.2016,0.18,-0.03,Rigel,Beta Ori
37279,114.8255,5.225,0.4,0.43,Procyon,Alpha CMi
7588,24.4285,-57.2368,0.45,-0.16,Achernar,Alpha Eri
27989,88.7929,7.4071,0.45,1.5,Betelgeuse,Alpha Ori
68702,210.9559,-60.373,0.61,-0.23,Hadar,Beta Cen
97649,297.6958,8.8683,0.76,0.22,Altair,Alpha Aql
60718,186.6496,-63.0991,0.77,-0.24,Acrux,α1 Cru
21421,68.9802,16.5093,0.87,1.54,Aldebaran,Alpha Tau
65474,201.2982,-11.1613,0.98,-0.23,Spica,Alpha Vir
80763,247.3519,-26.432,1.06,1.86,Antares,Alpha Sco
37826,116.329,28.0262,1.16,0.99,Pollux,Beta Gem
113368,344.4127,-29.6222,1.17,0.14,Fomalhaut,Alpha PsA
62434,191.9303,-59.6888,1.25,-0.24,Mimosa,Beta Cru
102098,310.358,45.2803,1.25,0.09,Deneb,Alpha Cyg
71681,219.8962,-60.8372,1.35,0.9,Toliman,α2 Cen
49669,152.093,11.9672,1.36,-0.09,Regulus,Alpha Leo
33579,104.6565,-28.9721,1.5,-0.21,Adhara,Epsilon CMa
36850,113.6494,31.8883,1.58,0.03,Castor,Alpha Gem
61084,187.7915,-57.1132,1.59,1.6,Gacrux,Gamma Cru
85927,263.4022,-37.1038,1.62,-0.23,Shaula,Lambda Sco
25336,81.2828,6.3497,1.64,-0.22,Bellatrix,Gamma Ori
25428,81.573,28.6075,1.65,-0.13,Elnath,Beta Tau
45238,138.2999,-69.7172,1.67,0.07,Miaplacidus,Beta Car
26311,84.0534,-1.2019,1.69,-0.18,Alnilam,Epsilon Ori
109268,332.0583,-46.961,1.73,-0.07,Alnair,Alpha Gru
26727,85.1897,-1.9426,1.74,-0.2,Alnitak,Zeta Ori
39953,122.3831,-47.3366,1.75,-0.14,Regor,γ2 Vel
62956,193.5073,55.9598,1.76,-0.02,Alioth,Epsilon UMa
15863,51.0807,49.8612,1.79,0.48,Mirfak,Alpha Per
90185,276.043,-34.3846,1.79,-0.03,Kaus Australis,Epsilon Sgr
54061,165.932,61.751,1.81,1.06,Dubhe,Alpha UMa
34444,107.0979,-26.3932,1.83,0.67,Wezen,Delta CMa
67301,206.8852,49.3133,1.85,-0.1,Alkaid,Eta UMa
41037,125.6285,-59.5095,1.86,1.2,Avior,Epsilon Car
86228,264.3297,-42.9978,1.86,0.41,Sargas,Theta Sco
28360,89.8822,44.9474,1.9,0.08,Menkalinan,Beta Aur
82273,252.1662,-69.0277,1.91,1.45,Atria,Alpha TrA
31681,99.4279,16.3993,1.93,0.0,Alhena,Gamma Gem
42913,131.1759,-54.7088,1.93,0.04,Alsephina,Delta Vel
100751,306.4119,-56.7351,1.94,-0.12,Peacock,Alpha Pav
11767,37.9545,89.2641,1.97,0.64,Polaris,Alpha UMi
30324,95.6749,-17.9559,1.98,-0.24,Mirzam,Beta CMa
46390,141.8968,-8.6586,1.99,1.44,Alphard,Alpha Hya
9884,31.7934,23.4624,2.01,1.15,Hamal,Alpha Ari
50583,154.9931,19.8415,2.01,1.13,Algieba,γ1 Leo
3419,10.8974,-17.9866,2.04,1.02,Diphda,Beta Cet
92855,283.8164,-26.2967,2.05,-0.13,Nunki,Sigma Sgr
68933,211.6706,-36.37,2.06,1.01,Menkent,Theta Cen
677,2.0969,29.0904,2.07,-0.04,Alpheratz,Alpha And
5447,17.433,35.6206,2.07,1.58,Mirach,Beta And
27366,86.9391,-9.6696,2.07,-0.17,Saiph,Kappa Ori
72607,222.6764,74.1555,2.07,1.47,Kochab,Beta UMi
112122,340.6669,-46.8846,2.07,1.61,Tiaki,Beta Gru
86032,263.7336,12.56,2.08,0.15,Rasalhague,Alpha Oph
14576,47.0422,40.9556,2.09,-0.0,Algol,Beta Per
9640,30.9748,42.3297,2.1,1.37,Almach,γ1 And
57632,177.2649,14.5721,2.14,0.09,Denebola,Beta Leo
4427,14.1772,60.7167,2.15,-0.05,Navi,Gamma Cas
61932,190.3793,-48.9599,2.2,-0.02,Muhlifain,Gamma Cen
39429,120.896,-40.0031,2.21,-0.27,Naos,Zeta Pup
45556,139.2725,-59.2752,2.21,0.19,Aspidiske,Iota Car
76267,233.672,26.7147,2.22,0.03,Alphecca,Alpha CrB
44816,136.999,-43.4326,2.23,1.67,Suhail,Lambda Vel
65378,200.9814,54.9254,2.23,0.06,Mizar,Zeta UMa
100453,305.5571,40.2567,2.23,0.67,Sadr,Gamma Cyg
3179,10.1268,56.5373,2.24,1.17,Shedar,Alpha Cas
87833,269.1515,51.4889,2.24,1.52,Eltanin,Gamma Dra
25930,83.0017,-0.2991,2.25,-0.17,Mintaka,Delta Ori
746,2.2945,59.1498,2.28,0.38,Caph,Beta Cas
66657,204.9719,-53.4664,2.29,-0.17,,Epsilon Cen
78401,240.0834,-22.6217,2.29,-0.12,Dschubba,Delta Sco
82396,252.5409,-34.2932,2.29,1.14,Larawag,Epsilon Sco
71860,220.4823,-47.3882,2.3,-0.15,Men,Alpha Lup
71352,218.8768,-42.1578,2.33,-0.16,,Eta Cen
53910,165.4603,56.3824,2.34,0.03,Merak,Beta UMa
72105,221.2467,27.0742,2.35,0.97,Izar,Epsilon Boo
107315,326.0465,9.875,2.38,1.52,Enif,Epsilon Peg
86670,265.622,-39.03,2.39,-0.17,Mula,Kappa Sco
2081,6.571,-42.306,2.4,1.08,Ankaa,Alpha Phe
58001,178.4577,53.6948,2.41,0.04,Phecda,Gamma UMa
84012,257.5945,-15.7249,2.43,0.06,Sabik,Eta Oph
113881,345.9436,28.0828,2.44,1.66,Scheat,Beta Peg
35904,111.0238,-29.3031,2.45,-0.08,Aludra,Eta CMa
105199,319.6449,62.5856,2.45,0.26,Alderamin,Alpha Cep
45941,140.5284,-55.0107,2.47,-0.14,Markeb,Kappa Vel
102488,311.5528,33.9703,2.48,1.02,Aljanah,Epsilon Cyg
113963,346.1902,15.2053,2.49,-0.0,Markab,Alpha Peg
14135,45.5699,4.0897,2.54,1.63,Menkar,Alpha Cet
81377,249.2897,-10.5671,2.54,0.04,Saik,Zeta Oph
68002,208.8849,-47.2884,2.55,-0.18,Alnair,Zeta Cen
54872,168.5271,20.5237,2.56,0.13,Zosma,Delta Leo
78820,241.3593,-19.8055,2.56,-0.07,Acrab,β1 Sco
25985,83.1826,-17.8223,2.58,0.21,Arneb,Alpha Lep
59196,182.0896,-50.7224,2.58,-0.13,,Delta Cen
59803,183.9515,-17.5419,2.58,-0.11,Gienah,Gamma Crv
93506,285.653,-29.8801,2.6,0.06,Ascella,Zeta Sgr
74785,229.2517,-9.3829,2.61,-0.07,Zubeneschamali,Beta Lib
77070,236.067,6.4256,2.63,1.17,Unukalhai,Alpha Ser
8903,28.66,20.808,2.64,0.17,Sheratan,Beta Ari
26634,84.9122,-34.0741,2.65,-0.12,Phact,Alpha Col
28380,89.9303,37.2126,2.65,-0.08,Mahasim,Theta Aur
61359,188.5968,-23.3968,2.65,0.89,Kraz,Beta Crv
6686,21.454,60.2353,2.66,0.16,Ruchbah,Delta Cas
67927,208.6712,18.3977,2.68,0.58,Muphrid,Eta Boo
73273,224.633,-43.134,2.68,-0.18,KeKouan,Beta Lup
23015,74.2484,33.1661,2.69,1.49,Hassaleh,Iota Aur
52727,161.6924,-49.4203,2.69,0.9,,Mu Vel
61585,189.2959,-69.1356,2.69,-0.18,,Alpha Mus
85696,262.691,-37.2958,2.7,-0.18,Lesath,Upsilon Sco
35264,109.2857,-37.0975,2.71,1.62,,Pi Pup
89931,275.2485,-29.8281,2.72,1.38,Kaus Media,Delta Sgr
97278,296.5649,10.6133,2.72,1.51,Tarazed,Gamma Aql
79593,243.5864,-3.6943,2.73,1.58,Yed Prior,Delta Oph
80331,245.9979,61.5142,2.73,0.91,Athebyne,Eta Dra
52419,160.7392,-64.3945,2.74,-0.22,,Theta Car
61941,190.4152,-1.4494,2.74,0.37,Porrima,Gamma Vir
26241,83.8583,-5.9099,2.75,-0.21,Hatysa,Iota Ori
65109,200.1492,-36.7123,2.75,0.07,,Iota Cen
72622,222.7196,-16.0418,2.75,0.15,Zubenelgenubi,α2 Lib
86742,265.8681,4.5673,2.76,1.17,Cebalrai,Beta Oph
23875,76.9624,-5.0864,2.78,0.16,Cursa,Beta Eri
80816,247.555,21.4896,2.78,0.95,Kornephoros,Beta Her
84345,258.6619,14.3903,2.78,1.16,Rasalgethi,α1 Her
59747,183.7863,-58.7489,2.79,-0.19,Imai,Delta Cru
85670,262.6082,52.3014,2.79,0.95,Rastaban,Beta Dra
76297,233.7852,-41.1668,2.8,-0.22,,Gamma Lup
25606,82.0613,-20.7594,2.81,0.81,Nihal,Beta Lep
81693,250.3215,31.6027,2.81,0.65,Rutilicus,Zeta Her
2021,6.4378,-77.2542,2.82,0.62,,Beta Hyi
81266,248.9706,-28.216,2.82,-0.21,Paikauhale,Tau Sco
90496,276.9927,-25.4217,2.82,1.02,Kaus Borealis,Lambda Sgr
1067,3.309,15.1836,2.83,-0.19,Algenib,Gamma Peg
39757,121.886,-24.3043,2.83,0.46,Tureis,Rho Pup
77952,238.7857,-63.4307,2.83,0.32,,Beta TrA
18246,58.533,31.8836,2.84,0.27,Atik,Zeta Per
85258,261.325,-55.5299,2.84,1.48,,Beta Ara
85792,262.9604,-49.8761,2.84,-0.14,Choo,Alpha Ara
17702,56.8712,24.1051,2.85,-0.09,Alcyone,Eta Tau
63608,195.5442,10.9592,2.85,0.93,Vindemiatrix,Epsilon Vir
107556,326.7602,-16.1273,2.85,0.18,Deneb Algedi,Delta Cap
9236,29.6925,-61.5699,2.86,0.29,,Alpha Hyi
97165,296.2437,45.1308,2.86,-0.0,Fawaris,Delta Cyg
30343,95.7401,22.5136,2.87,1.62,Tejat,Mu Gem
74946,229.7274,-68.6795,2.87,0.01,,Gamma TrA
110130,334.6254,-60.2596,2.87,1.39,,Alpha Tuc
13847,44.5653,-40.3047,2.88,0.13,Acamar,θ1 Eri
94141,287.441,-21.0236,2.88,0.38,Albaldah,Pi Sgr
36188,111.7877,8.2893,2.89,-0.1,Gomeisa,Beta CMi
63125,194.0069,38.3184,2.89,-0.12,Cor Caroli,α2 CVn
78265,239.713,-26.1141,2.89,-0.18,Fang,Pi Sco
18532,59.4635,40.0102,2.9,-0.2,,Epsilon Per
80112,245.2972,-25.5928,2.9,0.3,Alniyat,Sigma Sco
106278,322.8897,-5.5712,2.9,0.83,Sadalsuud,Beta Aqr
14328,46.1991,53.5064,2.91,0.72,,Gamma Per
48002,146.7755,-65.072,2.92,0.27,,Upsilon Car
112158,340.7506,30.2212,2.93,0.85,Matar,Eta Peg
32768,102.484,-50.6146,2.94,1.21,,Tau Pup
60965,187.4661,-16.5154,2.94,-0.01,Algorab,Delta Crv
109074,331.446,-0.3199,2.95,0.97,Sadalmelik,Alpha Aqr
18543,59.5074,-13.5085,2.97,1.59,Zaurak,Gamma Eri
26451,84.4112,21.1425,2.97,-0.15,Tianguan,Zeta Tau
47908,146.4628,23.7743,2.97,0.81,Algenubi,Epsilon Leo
88635,271.452,-30.4241,2.98,0.98,Alnasl,γ2 Sgr
64962,199.7304,-23.1715,2.99,0.92,,Gamma Hya
87073,266.8962,-40.127,2.99,0.51,Girtab,ι1 Sco
93747,286.3525,13.8635,2.99,0.01,Okab,Zeta Aql
10064,32.3859,34.9873,3.0,0.14,Mizan,Beta Tri
54539,167.4159,44.4985,3.0,1.14,,Psi UMa
75097,230.1821,71.834,3.0,0.06,Pherkad,Gamma UMi
82514,252.9676,-38.0474,3.0,-0.2,Xamidimura,μ1 Sco
108085,328.4822,-37.3649,3.0,-0.08,Aldhanab,Gamma Gru
17358,55.7313,47.7876,3.01,-0.12,,Delta Per
30122,95.0783,-30.0634,3.02,-0.16,Furud,Zeta CMa
33977,105.7561,-23.8333,3.02,-0.08,Al Zara,ο2 CMa
59316,182.5312,-22.6198,3.02,1.33,Minkar,Epsilon Crv
23416,75.4922,43.8233,3.03,0.54,Almaaz,Epsilon Aur
62322,191.57,-68.1081,3.04,-0.18,,Beta Mus
71075,218.0195,38.3083,3.04,0.19,Seginus,Gamma Boo
95947,292.6803,27.9597,3.05,1.09,Albireo,β1 Cyg
100345,305.2528,-14.7814,3.05,0.79,Dabih,Beta Cap
32246,100.983,25.1311,3.06,1.38,Mebsuta,Epsilon Gem
50801,155.5823,41.4995,3.06,1.6,Tania Australis,Mu UMa
94376,288.1388,67.6615,3.07,0.99,Altais,Delta Dra
89642,274.4068,-36.7617,3.1,1.58,Hamalwarid,Eta Sgr
43813,133.8484,5.9456,3.11,0.98,,Zeta Hya
52943,162.4062,-16.1936,3.11,1.23,,Nu Hya
56561,173.9454,-63.0198,3.11,-0.04,,Lambda Cen
101772,309.3918,-47.2915,3.11,1.0,Persian,Alpha Ind
27628,87.74,-35.7683,3.12,1.15,Wazn,Beta Col
44127,134.8019,48.0418,3.12,0.22,Talitha,Iota UMa
83081,254.655,-55.9901,3.12,1.55,,Zeta Ara
84379,258.758,24.8392,3.12,0.08,Sarin,Delta Her
73334,224.7904,-42.1042,3.13,-0.21,Ke Kwan,Kappa Cen
45860,140.2638,34.3926,3.14,1.55,,Alpha Lyn
46701,142.8055,-57.0344,3.16,1.54,,N Vel
84380,258.7618,36.8092,3.16,1.44,,Pi Her
31685,99.4403,-43.1959,3.17,-0.1,,Nu Pup
46853,143.2143,51.6773,3.17,0.47,,Theta UMa
83895,257.1966,65.7147,3.17,-0.12,Aldhibah,Zeta Dra
92041,281.4141,-26.9908,3.17,-0.11,Namalsadirah,Phi Sgr
23767,76.6287,41.2345,3.18,-0.15,Haedus,Eta Aur
71908,220.6267,-64.9751,3.18,0.26,,Alpha Cir
22449,72.46,6.9613,3.19,0.48,Tabit,π3 Ori
23685,76.3653,-22.371,3.19,1.46,,Epsilon Lep
83000,254.4171,9.375,3.19,1.16,,Kappa Oph
87261,267.4645,-37.0433,3.19,1.19,Fuyue,G Sco
104732,318.2341,30.2269,3.21,0.99,,Zeta Cyg
116727,354.8369,77.6323,3.21,1.03,Errai,Gamma Cep
75141,230.343,-40.6475,3.22,-0.23,,Delta Lup
79882,244.5804,-4.6925,3.23,0.97,Yed Posterior,Epsilon Oph
89962,275.3275,-2.8988,3.23,0.94,,Eta Ser
106032,322.165,70.5607,3.23,-0.2,Alfirk,Beta Cep
32607,102.0477,-61.9414,3.24,0.23,,Alpha Pic
99473,302.8262,-0.8215,3.24,-0.07,,Theta Aql
36377,112.3076,-43.3014,3.25,1.51,,Sigma Pup
68895,211.5929,-26.6824,3.25,1.09,,Pi Hya
73714,226.0176,-25.282,3.25,1.67,Brachium,Sigma Lib
93194,284.7359,32.6896,3.25,-0.05,Sulafat,Gamma Lyr
17678,56.8098,-74.239,3.26,1.59,,Gamma Hyi
3092,9.832,30.861,3.27,1.27,,Delta And
84970,260.5024,-24.9995,3.27,-0.19,Garafsa,Theta Oph
113136,343.6626,-15.8208,3.27,0.07,Skat,Delta Aqr
24305,78.2329,-16.2055,3.29,-0.11,,Mu Lep
50099,153.4342,-70.0379,3.29,-0.07,,Omega Car
75458,231.2324,58.9661,3.29,1.17,Edasich,Iota Dra
21281,68.4991,-55.045,3.3,-0.08,,Alpha Dor
51576,158.0061,-61.6853,3.3,-0.09,,p Car
29655,93.7194,22.5068,3.31,1.6,Propus,Eta Gem
85267,261.3486,-56.3777,3.31,-0.15,,Gamma Ara
5165,16.521,-46.7184,3.32,0.89,,Beta Phe
14354,46.2941,38.8403,3.32,1.53,Gorgonea Tertia,Rho Per
59774,183.8565,57.0326,3.32,0.08,Megrez,Delta UMa
84143,258.0383,-43.2392,3.32,0.44,,Eta Sco
88048,269.7566,-9.7736,3.32,0.99,Sinistra,Nu Oph
93864,286.735,-27.6704,3.32,1.17,,Tau Sgr
19780,63.6062,-62.4739,3.33,0.92,,Alpha Ret
54879,168.56,15.4296,3.33,-0.0,Chertan,Theta Leo
38170,117.3236,-24.8598,3.34,1.22,Azmidi,Xi Pup
8886,28.5989,63.6701,3.35,-0.15,Segin,Epsilon Cas
25281,81.1192,-2.3971,3.35,-0.24,Saif al Jabbar,Eta Ori
32362,101.3224,12.8956,3.35,0.44,Alzirr,Xi Gem
41704,127.5661,60.7182,3.35,0.86,Muscida,Omicron UMa
95501,291.3746,3.1148,3.36,0.32,Almizan,Delta Aql
75264,230.6703,-44.6896,3.37,-0.19,,Epsilon Lup
43109,131.6938,6.4188,3.38,0.69,Ashlesha,Epsilon Hya
66249,203.6733,-0.5958,3.38,0.11,Heze,Zeta Vir
26207,83.7845,9.9342,3.39,-0.16,Meissa,Lambda Ori
50371,154.2707,-61.3323,3.39,1.54,,q Car
63090,193.9009,3.3975,3.39,1.57,Minelauva,Delta Vir
109492,332.7137,58.2013,3.39,1.56,,Zeta Cep
20894,67.1656,15.8709,3.4,0.18,Chamukuy,θ2 Tau
6867,22.0914,-43.3182,3.41,1.54,,Gamma Phe
18724,60.1701,12.4903,3.41,-0.1,,Lambda Tau
67464,207.3762,-41.6877,3.41,-0.23,,Nu Cen
74395,228.0712,-52.0992,3.41,0.92,,Zeta Lup
102422,311.3224,61.8388,3.41,0.91,Kabalfird,Eta Cep
112029,340.3655,10.8314,3.41,-0.09,Homam,Zeta Peg
8796,28.2704,29.5788,3.42,0.49,Mothallah,Alpha Tri
78384,240.0305,-38.3967,3.42,-0.21,,Eta Lup
86974,266.6147,27.7207,3.42,0.75,,Mu Her
102395,311.2396,-66.2032,3.42,0.16,,Beta Pav
45080,137.742,-58.9669,3.43,-0.19,,a Car
50335,154.1726,23.4173,3.43,0.31,Adhafera,Zeta Leo
93805,286.5622,-4.8826,3.43,-0.1,Al Thalimain Prior,Lambda Aql
50372,154.2741,42.9144,3.45,0.03,Tania Borealis,Lambda UMa
3821,12.2762,57.8152,3.46,0.59,Achird,Eta Cas
5364,17.1475,-10.1823,3.46,1.16,Dheneb,Eta Cet
38827,119.1946,-52.9824,3.46,-0.18,,Chi Car
74666,228.8757,33.3148,3.46,0.96,Thiba,Delta Boo
12706,40.8252,3.2358,3.47,0.09,Kaffaljidhma,Gamma Cet
67472,207.4041,-42.4737,3.47,-0.17,,Mu Cen
49583,151.8331,16.7627,3.48,-0.03,Al Jabhah,Eta Leo
81833,250.724,38.9223,3.48,0.92,,Eta Her
8102,26.017,-15.9375,3.49,0.73,,Tau Cet
33856,105.4298,-27.9348,3.49,1.73,Unurgunite,Sigma CMa
55219,169.6197,33.0943,3.49,1.4,Alula Borealis,Nu UMa
73555,225.4865,40.3906,3.49,0.96,Nekkar,Beta Boo
90422,276.7434,-45.9685,3.49,-0.18,,Alpha Tel
112623,342.1387,-51.3169,3.49,0.08,,Epsilon Gru
32759,102.4602,-32.5085,3.5,-0.12,,Kappa CMa
35550,110.0307,21.9823,3.5,0.37,Wasat,Delta Gem
112724,342.4201,66.2004,3.5,1.05,,Iota Cep
98337,299.6893,19.4921,3.51,1.57,,Gamma Sge
112748,342.5008,24.6016,3.51,0.93,Sadalbari,Mu Peg
17378,55.8121,-9.7634,3.52,0.92,Rana,Delta Eri
47508,145.2876,9.8923,3.52,0.52,Subra,Omicron Leo
48774,149.2156,-54.5678,3.52,-0.07,,Phi Vel
92420,282.52,33.3627,3.52,0.0,Sheliak,Beta Lyr
93085,284.4325,-21.1067,3.52,1.15,,ξ2 Sgr
109427,332.5499,6.1979,3.52,0.09,Biham,Theta Peg
20889,67.1542,19.1804,3.53,1.01,Ain,Epsilon Tau
40526,124.1288,9.1855,3.53,1.48,Tarf,Beta Cnc
56343,173.2505,-31.8576,3.54,0.95,,Xi Hya
77516,237.405,-3.4302,3.54,-0.04,,Mu Ser
86263,264.3967,-15.3986,3.54,0.26,,Xi Ser
20042,64.4736,-33.7983,3.55,-0.11,Beemim,υ4 Eri
27288,86.7389,-14.822,3.55,0.1,,Zeta Lep
69996,214.8509,-46.0581,3.55,-0.18,,Iota Lup
89937,275.2641,72.7328,3.55,0.49,Alahakan,Chi Dra
99240,302.1817,-66.1821,3.55,0.75,,Delta Pav
1562,4.857,-8.8239,3.56,1.21,Deneb Kaitos Shemali,Iota Cet
10602,34.1274,-51.5122,3.56,-0.12,,Phi Eri
55282,169.8352,-14.7785,3.56,1.11,Labr,Delta Crt
82545,253.0839,-38.0175,3.56,-0.21,Pipirima,μ2 Sco
37740,116.1119,24.398,3.57,0.93,,Kappa Gem
44471,135.9064,47.1565,3.57,0.01,Alkaphrah,Kappa UMa
71053,217.9575,30.3714,3.57,1.3,,Rho Boo
75177,230.4515,-36.2614,3.57,1.53,,φ1 Lup
35350,109.5232,16.5404,3.58,0.11,,Lambda Gem
100064,304.5136,-12.5449,3.58,0.88,Algedi,α2 Cap
7607,24.4982,48.6282,3.59,1.27,Nembus,
24674,79.4016,-6.8444,3.59,-0.12,,Tau Ori
27072,86.1158,-22.4484,3.59,0.48,Kursi al Jabbar,Gamma Lep
57757,177.6738,1.7647,3.59,0.52,Zavijava,Beta Vir
60260,185.34,-60.4011,3.59,1.39,Ginan,Epsilon Cru
6537,21.0059,-8.1833,3.6,1.06,Al Naymat,Theta Cet
33018,103.1972,33.9613,3.6,0.1,,Theta Gem
42536,130.0733,-52.9219,3.6,-0.17,,Omicron Vel
46651,142.675,-40.4668,3.6,0.37,,Psi Vel
76470,234.256,-28.1351,3.6,1.36,,Upsilon Lib
85727,262.7746,-60.6838,3.6,-0.1,,Delta Ara
13209,42.496,27.2605,3.61,-0.1,Bharani,c Ari
15900,51.2033,9.0289,3.61,0.89,,Omicron Tau
49841,152.647,-12.3541,3.61,1.01,,Lambda Hya
63613,195.5678,-71.5489,3.61,1.19,,Delta Mus
86929,266.4333,-64.7239,3.61,1.16,,Eta Pav
7097,22.8709,15.3458,3.62,0.97,Alpherg,Eta Psc
17847,57.2906,24.0534,3.62,-0.07,Atlas,
37819,116.3137,-37.9686,3.62,1.71,,c Pup
82729,253.6459,-42.3613,3.62,1.39,Grafias,ζ2 Sco
113726,345.4803,42.326,3.62,-0.1,,Omicron And
57363,176.4017,-66.7288,3.63,0.16,,Lambda Mus
101769,309.3873,14.5951,3.64,0.42,Rotanev,Beta Del
20205,64.9483,15.6276,3.65,0.98,Prima Hyadum,Gamma Tau
46733,142.8821,63.0619,3.65,0.36,,h UMa
77233,236.5469,15.4218,3.65,0.07,Nasak Shamiya,Beta Ser
88714,271.6578,-50.0915,3.65,-0.1,,Theta Ara
110960,337.208,-0.02,3.65,0.41,Sadaltager,ζ1 Aqr
75695,231.9572,29.1057,3.66,0.32,Nusakan,Beta CrB
76600,234.664,-29.7778,3.66,-0.18,,Tau Lib
68756,211.0973,64.3759,3.67,-0.05,Thuban,Alpha Dra
103227,313.7025,-58.4542,3.67,1.25,,Beta Ind
22549,72.8015,5.6051,3.68,-0.16,,π4 Ori
42828,130.8981,-33.1864,3.68,-0.18,,Alpha Pyx
97365,296.8469,18.5343,3.68,1.31,,Delta Sge
114341,347.3617,-21.1724,3.68,1.2,,c2 Aqr
2920,9.2429,53.8969,3.69,-0.2,Fulu,Zeta Cas
9007,28.9895,-51.6089,3.69,0.84,,Chi Eri
23453,75.6195,41.0758,3.69,1.15,Saclateni,Zeta Aur
47854,146.3117,-62.5079,3.69,1.01,,l Car
57399,176.5126,47.7794,3.69,1.18,Taiyangshou,Chi UMa
106985,325.0227,-16.6623,3.69,0.32,Nashira,Gamma Cap
15474,49.8792,-21.7579,3.7,1.61,Angetenar,τ4 Eri
87933,269.4412,29.2479,3.7,0.94,,Xi Her
114971,349.2914,3.2823,3.7,0.92,,Gamma Psc
22797,73.5629,2.4407,3.71,-0.18,,π5 Ori
28103,89.1012,-14.1677,3.71,0.34,,Eta Lep
38414,118.0543,-40.5758,3.71,1.01,,a Pup
77622,237.704,4.4777,3.71,0.15,,Epsilon Ser
88771,271.8374,9.5638,3.71,0.16,,
98036,298.8283,6.4068,3.71,0.85,Alshain,Beta Aql
16537,53.2327,-9.4583,3.72,0.88,Ran,Epsilon Eri
17499,56.2189,24.1133,3.72,-0.1,Electra,
28358,89.8818,54.2847,3.72,1.01,,Delta Aur
104060,316.2328,43.9279,3.72,1.61,,Xi Cyg
16083,51.7923,9.7327,3.73,-0.08,,Xi Tau
72220,221.5622,1.8929,3.73,-0.01,,
87585,268.3822,56.8726,3.73,1.18,Grumium,Xi Dra
107089,325.3694,-77.39,3.73,1.01,,Nu Oct
112961,343.1536,-7.5796,3.73,1.63,Hydor,Lambda Aqr
8645,27.8651,-10.335,3.74,1.14,Baten Kaitos,Zeta Cet
80170,245.4801,19.1531,3.74,0.3,,Gamma Her
104887,318.6979,38.0453,3.74,0.39,,Tau Cyg
44511,136.0387,-47.0977,3.75,1.17,,c Vel
87108,266.9732,2.7073,3.75,0.04,Muliphen,Gamma Oph
26069,83.4063,-62.4898,3.76,0.64,,Beta Dor
27654,87.8304,-20.8791,3.76,0.98,Arsh al Jauzah,Delta Lep
30867,97.2045,-7.0331,3.76,-0.11,,Beta Mon
93683,286.1708,-21.7415,3.76,1.01,Manubrij,Omicron Sgr
95853,292.4265,51.7298,3.76,0.15,,Iota Cyg
111169,337.8229,50.2825,3.76,0.03,,Alpha Lac
13268,42.6742,55.8955,3.77,1.69,Miram,Eta Per
17529,56.2985,42.5785,3.77,0.42,,Nu Per
20455,65.7337,17.5425,3.77,0.98,Secunda Hyadum,Delta Tau
26549,84.6865,-2.6001,3.77,-0.19,,Sigma Ori
41312,126.4341,-66.1369,3.77,1.13,,Beta Vol
42570,130.1565,-46.6487,3.77,0.67,,b Vel
82363,252.4465,-59.0414,3.77,1.56,,Eta Ara
101958,309.9095,15.9121,3.77,-0.06,Sualocin,Alpha Del
105881,321.6668,-22.4113,3.77,1.0,Yen,Zeta Cap
109176,331.7528,25.3451,3.77,0.43,,Iota Peg
34481,107.1869,-70.4989,3.78,1.01,,γ2 Vol
36046,111.4317,27.7981,3.78,1.02,Propus,Iota Gem
48319,147.7473,59.0387,3.78,0.29,,Upsilon UMa
53253,163.3736,-58.8532,3.78,0.94,,u Car
71795,220.2873,13.7283,3.78,0.04,,Zeta Boo
102618,311.919,-9.4958,3.78,0.0,Albali,Epsilon Aqr
14668,47.374,44.8575,3.79,0.98,Misam,Kappa Per
53229,163.3279,34.2149,3.79,1.04,Praecipua,
55203,169.5468,31.5308,3.79,0.61,Alula Australis,Xi UMa
14879,48.0189,-28.9876,3.8,0.54,Dalim,Alpha For
37229,114.7078,-26.8038,3.8,-0.16,Markab,κ1 Pup
76276,233.7006,10.5389,3.8,0.27,Nasak Yamani,Delta Ser
94779,289.2757,53.3685,3.8,0.95,Fawaris,Kappa Cyg
99675,303.4079,46.7413,3.8,1.27,,ο1 Cyg
21393,68.8877,-30.5623,3.81,0.96,Theemin,υ2 Eri
51232,156.9697,-58.7394,3.81,0.32,,s Car
76952,235.6857,26.2956,3.81,0.02,,Gamma CrB
116584,354.391,46.4582,3.81,0.98,,Lambda And
9487,30.5118,2.7638,3.82,0.02,Alrescha,Alpha Psc
45688,139.711,36.8026,3.82,0.07,,
56211,172.8509,69.3311,3.82,1.61,Giausar,Lambda Dra
80883,247.7284,1.9839,3.82,0.02,Marfik,Lambda Oph
86414,264.8662,46.0063,3.82,-0.18,,Iota Her
51069,156.5226,-16.8363,3.83,1.46,,Mu Hya
68245,209.5678,-42.1008,3.83,-0.22,,Phi Cen
72370,221.9655,-79.0448,3.83,1.43,,Alpha Aps
17440,56.0499,-64.8069,3.84,1.13,,Beta Ret
17448,56.0797,32.2882,3.84,0.02,Atik,Omicron Per
20885,67.1437,15.9622,3.84,0.95,,θ1 Tau
43783,133.7618,-60.6446,3.84,-0.1,,c Car
51624,158.2028,9.3066,3.84,-0.15,,Rho Leo
51986,159.3256,-48.2256,3.84,0.3,,p Vel
61199,188.1167,-72.133,3.84,-0.16,,Gamma Mus
88794,271.8856,28.7625,3.84,-0.02,,Omicron Her
89341,273.4409,-21.0588,3.84,0.2,Polis,Mu Sgr
97433,297.0431,70.2679,3.84,0.89,Tyl,Epsilon Dra
19747,63.5005,-42.2944,3.85,1.08,,Alpha Hor
27321,86.8212,-51.0665,3.85,0.17,,Beta Pic
30277,95.5285,-33.4364,3.85,0.86,,Delta Col
50191,153.684,-42.1219,3.85,0.05,,q Vel
61281,188.3706,69.7882,3.85,-0.12,,Kappa Dra
61622,189.4257,-48.5413,3.85,0.05,,Tau Cen
78072,239.1133,15.6616,3.85,0.48,,Gamma Ser
90139,275.9245,21.7698,3.85,1.17,,
91117,278.8018,-8.2441,3.85,1.32,,Alpha Sct
4436,14.1884,38.4993,3.86,0.13,,Mu And
21594,69.5451,-14.304,3.86,1.08,Sceptrum,l Eri
25859,82.8031,-35.4705,3.86,1.13,,Epsilon Col
79664,243.8595,-63.6857,3.86,1.1,,Delta TrA
81065,248.3628,-78.8971,3.86,0.92,,Gamma Aps
87808,269.0633,37.2505,3.86,1.35,,Theta Her
110395,335.4141,-1.3873,3.86,-0.06,Sadachbia,Gamma Aqr
17573,56.4567,24.3677,3.87,-0.06,Maia,
43023,131.5069,-46.0415,3.87,0.01,,a Vel
68282,209.6698,-44.8036,3.87,-0.21,,υ1 Cen
71957,220.7651,-5.6582,3.87,0.39,Rijl al Awwa,Mu Vir
78104,239.2212,-29.2141,3.87,-0.2,Iklil,Rho Sco
97804,298.1182,1.0057,3.87,0.63,Tarazed,Eta Aql
765,2.3527,-45.7474,3.88,1.01,,Epsilon Phe
8832,28.3826,19.2939,3.88,-0.05,Mesarthim,γ1 Ari
48455,148.1909,26.007,3.88,1.22,Rasalas,Mu Leo
74376,227.9836,-48.7378,3.88,-0.03,,κ1 Lup
114421,347.5897,-45.2467,3.88,1.0,,Iota Gru
13701,44.1069,-8.8981,3.89,1.09,Azha,Eta Eri
33152,103.5331,-24.1842,3.89,1.74,Udra,ο1 CMa
45336,138.5911,2.3143,3.89,-0.06,,Theta Hya
60129,184.9765,-0.6668,3.89,0.03,Zaniah,Eta Vir
98110,299.0765,35.0834,3.89,1.02,,Eta Cyg
47431,144.964,-1.1428,3.9,1.31,Ukdah,Iota Hya
55425,170.2517,-54.491,3.9,-0.16,,Pi Cen
65936,202.7611,-39.4073,3.9,1.19,,d Cen
18907,60.7891,5.9893,3.91,0.03,,Nu Tau
41307,126.4151,-3.9064,3.91,-0.01,,C Hya
60823,187.0099,-50.2306,3.91,-0.19,,Sigma Cen
73807,226.2795,-47.0512,3.91,-0.14,,Pi Lup
76333,233.8816,-14.7895,3.91,1.01,Zubenelhakrabi,Gamma Lib
79992,244.9352,46.3134,3.91,-0.15,,Tau Her
83207,255.0724,30.9264,3.92,-0.02,,Epsilon Her
95168,290.4182,-17.8472,3.92,0.23,,ρ1 Sgr
104987,318.956,5.2478,3.92,0.55,Kitalpha,Alpha Equ
2072,6.5508,-43.6798,3.93,0.17,,Kappa Phe
7083,22.8129,-49.0727,3.93,0.97,,Delta Phe
13531,43.5644,52.7625,3.93,0.76,,Tau Per
21444,69.0798,-3.3525,3.93,-0.21,,Nu Eri
37504,115.4553,-72.6061,3.93,1.03,,Zeta Vol
54463,167.1475,-58.975,3.93,1.23,,x Car
78933,241.7018,-20.6692,3.93,-0.05,Jabhat Acrabi,ω1 Sco
88192,270.1613,2.9316,3.93,0.03,,
5348,17.0962,-55.2458,3.94,-0.12,Wurren,Zeta Phe
37447,115.3118,-9.5511,3.94,1.02,,Alpha Mon
37677,115.952,-28.9548,3.94,0.16,,l Pup
42911,131.1712,18.1543,3.94,1.08,Asellus Australis,Delta Cnc
103413,314.2934,41.1671,3.94,0.03,,Nu Cyg
9598,30.8588,72.4213,3.95,-0.0,,
31592,99.171,-19.2559,3.95,1.04,,ν2 CMa
19343,62.1654,47.7125,3.96,-0.03,Nembus,c Per
28328,89.7867,-42.8151,3.96,1.15,,Eta Col
44248,135.1599,41.7829,3.96,0.46,,
45101,137.8197,-62.317,3.96,-0.18,,i Car
95241,290.6596,-44.459,3.96,-0.09,Arkab Prior,β1 Sgr
95347,290.9716,-40.6159,3.96,-0.1,Rukbat,Alpha Sgr
99848,303.868,47.7142,3.96,1.45,,ο2 Cyg
115438,350.7426,-20.1006,3.96,1.08,,b1 Aqr
20535,66.0092,-34.0168,3.97,1.47,Beemim,undefined3 Eri
27673,87.8725,39.1485,3.97,1.13,,Nu Aur
35228,109.2076,-67.9572,3.97,0.76,,Delta Vol
42515,130.0256,-35.3084,3.97,0.94,,Beta Pyx
59449,182.913,-52.3685,3.97,-0.16,,Rho Cen
77634,237.7397,-33.6272,3.97,-0.04,,Chi Lup
98495,300.1481,-72.9105,3.97,-0.03,,Epsilon Pav
110997,337.3174,-43.4956,3.97,1.02,,δ1 Gru
112440,341.6328,23.5657,3.97,1.07,Sadalnazi,Lambda Peg
18614,59.7413,35.791,3.98,0.02,Menkib,Xi Per
106481,323.4952,45.5918,3.98,0.89,,Rho Cyg
9347,30.0013,-21.0778,3.99,1.55,,Upsilon Cet
29651,93.7139,-6.2748,3.99,1.32,,Gamma Mon
50954,156.0988,-74.0316,3.99,0.37,,I Car
65477,201.3064,54.988,3.99,0.17,Alcor,g UMa
114996,349.3574,-58.2357,3.99,0.41,,Gamma Tuc
44382,135.6116,-66.3961,4.0,0.14,,Alpha Vol
55642,170.9811,10.5295,4.0,0.42,,Iota Leo
79374,242.9989,-19.4607,4.0,0.08,Jabbah,Nu Sco
8068,25.9152,50.6887,4.01,-0.1,,Phi Per
22109,71.3756,-3.2547,4.01,-0.15,,Mu Eri
34088,106.0272,20.5703,4.01,0.9,Mekbuda,Zeta Gem
35037,108.7027,-26.7727,4.01,-0.15,,Omega CMa
71865,220.49,-37.7935,4.01,-0.16,,b Cen
78527,240.4723,58.5653,4.01,0.53,,Theta Dra
80000,244.9601,-50.1555,4.01,1.08,,γ2 Nor
91792,280.7589,-71.4281,4.01,1.13,,Zeta Pav
101076,307.3489,30.3686,4.01,0.4,,
43409,132.633,-27.7098,4.02,1.27,,Gamma Pyx
59199,182.1034,-24.7289,4.02,0.33,Alchiba,Alpha Crv
93244,284.9057,15.0683,4.02,1.08,Deneb al Okab Borealis,Epsilon Aql
93429,285.4201,-5.7391,4.02,1.08,,i Aql
10670,34.3286,33.8472,4.03,0.02,,Gamma Tri
23522,75.8545,60.4422,4.03,0.92,,Beta Cam
43103,131.6743,28.7599,4.03,1.01,Zubanah,Iota Cnc
63003,193.6484,-57.1779,4.03,-0.18,,μ1 Cru
88601,271.3637,2.5001,4.03,0.86,,p Oph
101421,308.3032,11.3033,4.03,-0.12,Aldulfin,Epsilon Del
118268,359.8279,6.8633,4.03,0.42,,Omega Psc
19587,62.9664,-6.8376,4.04,0.33,Beid,ο1 Eri
57380,176.4648,6.5294,4.04,1.5,,Nu Vir
70497,216.2992,51.8507,4.04,0.5,Asellus Primus,Theta Boo
111497,338.8391,-0.1175,4.04,-0.08,,Eta Aqr
14632,47.2667,49.6133,4.05,0.59,,Iota Per
40702,124.6315,-76.9197,4.05,0.41,,Alpha Cha
42884,131.0998,-42.6493,4.05,0.87,,d Vel
55434,170.2841,6.0293,4.05,-0.06,,Sigma Leo
67459,207.3693,15.7979,4.05,1.52,,Upsilon Boo
70090,215.1393,-37.8853,4.05,-0.03,,Psi Cen
71536,219.4718,-49.4258,4.05,-0.15,,Rho Lup
112716,342.3979,-13.5926,4.05,1.57,,τ2 Aqr
22957,74.0928,13.5145,4.06,1.16,,ο2 Ori
36962,113.9806,26.8957,4.06,1.54,,Upsilon Gem
55705,171.2205,-17.684,4.06,0.22,,Gamma Crt
59929,184.3928,-67.9607,4.06,1.6,,Epsilon Mus
60009,184.6094,-64.0031,4.06,-0.17,,Zeta Cru
72010,220.9143,-35.1737,4.06,1.36,,c1 Cen
83153,254.896,-53.1604,4.06,1.45,,ε1 Ara
69701,214.0036,-6.0005,4.07,0.51,Syrma,Iota Vir
74117,227.2109,-45.2799,4.07,-0.16,,Lambda Lup
74824,229.3785,-58.8012,4.07,0.09,,Beta Cir
110991,337.2928,58.4152,4.07,0.78,,Delta Cep
3693,11.8347,24.2672,4.08,1.1,,Zeta And
11001,35.4373,-68.6594,4.08,0.03,,Delta Hyi
12387,39.8707,0.3285,4.08,-0.21,,Delta Cet
14146,45.5979,-23.6245,4.08,0.16,,τ3 Eri
33160,103.5475,-12.0386,4.08,1.42,,Theta CMa
46974,143.611,-59.2298,4.08,-0.01,,h Car
53740,164.9436,-18.2988,4.08,1.08,Alkes,Alpha Crt
92862,283.8338,43.9461,4.08,1.4,,
104139,316.4868,-17.2329,4.08,-0.01,,Theta Cap
105502,320.5217,19.8045,4.08,1.11,,
26366,84.2266,9.2907,4.09,0.95,,φ2 Ori
77450,237.1849,18.1416,4.09,1.62,Gudja,Kappa Ser
7513,24.1993,41.4055,4.1,0.54,Titawin,Upsilon And
12777,41.0499,49.2284,4.1,0.51,,Theta Per
38164,117.3096,-46.3732,4.1,-0.16,,P Pup
90568,277.2077,-49.0706,4.1,0.99,,Zeta Tel
94160,287.5073,-39.3408,4.1,1.16,,Beta CrA
12486,40.1668,-39.8554,4.11,1.01,,Iota Eri
34045,105.9396,-15.6333,4.11,-0.11,Muliphein,Gamma CMa
42312,129.411,-42.9891,4.11,0.11,,e Vel
48356,147.8696,-14.8466,4.11,0.92,Zhang,υ1 Hya
51839,158.8671,-78.6078,4.11,1.58,,Gamma Cha
57439,176.6284,-61.1784,4.11,0.9,,
76440,234.1801,-66.317,4.11,1.16,,Epsilon TrA
94114,287.3681,-37.9045,4.11,0.04,Meridiana,Alpha CrA
113638,345.22,-52.7541,4.11,0.96,,Zeta Gru
12394,39.8973,-68.2669,4.12,-0.06,,Epsilon Hyi
19812,63.7244,48.4093,4.12,0.94,,Mu Per
28614,90.5958,9.6473,4.12,0.17,,Mu Ori
58948,181.3022,8.733,4.12,0.97,,Omicron Vir
98032,298.8154,-41.8683,4.12,1.06,,Iota Sgr
102978,312.9554,-26.9191,4.12,1.63,,Omega Cap
111043,337.4393,-43.7492,4.12,1.57,,δ2 Gru
25247,80.9868,-7.8081,4.13,0.94,,e Ori
30883,97.2408,20.2121,4.13,-0.12,Nucatai,Nu Gem
77853,238.4564,-16.7293,4.13,1.0,,Theta Lib
102485,311.5239,-25.2709,4.13,0.43,Wei,Psi Cap
112405,341.5146,-81.3816,4.13,0.21,,Beta Oct
116771,354.9877,5.6263,4.13,0.51,,Iota Psc
16369,52.7182,12.9367,4.14,1.11,,f Tau
17608,56.5816,23.9484,4.14,-0.05,Merope,
42313,129.414,5.7038,4.14,0.0,Minazal,Delta Hya
59072,181.7204,-64.6137,4.14,0.35,,Eta Cru
76127,233.2324,31.3591,4.14,-0.13,,Theta CrB
78159,239.3969,26.8779,4.14,1.23,,Epsilon CrB
107354,326.1614,25.645,4.14,0.42,,Kappa Peg
109937,333.9924,37.7487,4.14,1.45,,
34769,107.9661,-0.4928,4.15,-0.01,,Delta Mon
85112,260.9206,37.1459,4.15,-0.01,,Rho Her
116805,355.1021,44.3339,4.15,-0.07,,Kappa And
28734,91.0301,23.2633,4.16,0.83,Propus,
36366,112.278,31.7846,4.16,0.32,,Rho Gem
78727,241.0901,-11.3736,4.16,0.46,Grafias,
85340,261.5926,-24.1753,4.16,0.28,,b Oph
2599,8.25,62.9318,4.17,0.13,,Kappa Cas
17874,57.3635,-36.2003,4.17,0.93,,g Eri
110003,334.2085,-7.7833,4.17,0.98,Ancha,Theta Aqr
69427,213.2239,-10.2737,4.18,1.32,Kang,Kappa Vir
69732,214.0959,46.0883,4.18,0.09,Xuange,Lambda Boo
81304,249.0936,-35.2553,4.18,1.53,,H Sco
109857,333.7591,57.0436,4.18,0.28,,Epsilon Cep
111954,340.1639,-27.0436,4.18,-0.1,,Epsilon PsA
67457,207.3613,-34.4508,4.19,1.52,,g Cen
92043,281.4155,20.5463,4.19,0.48,,
25813,82.696,5.9481,4.2,-0.14,,
38835,119.2147,-22.8801,4.2,0.72,,j Pup
51233,156.9708,36.7072,4.2,0.91,,Beta LMi
81126,248.5258,42.437,4.2,-0.01,,Sigma Her
112447,341.6733,12.1729,4.2,0.5,Suudalnujum,Xi Peg
113246,343.9871,-32.5396,4.2,0.95,,Delta PsA
16228,52.2672,59.9403,4.21,0.42,,
20635,66.3424,22.2939,4.21,0.14,,Kappa Tau
82080,251.4927,82.0373,4.21,0.9,Circitores,Epsilon UMi
101093,307.3954,62.9941,4.21,0.2,Al Kidr,Theta Cep
105858,321.6109,-65.3662,4.21,0.49,,Gamma Pav
13254,42.6461,38.3186,4.22,0.34,,
17651,56.712,-23.2497,4.22,0.43,,τ6 Eri
38518,118.3257,-48.1029,4.22,-0.13,,J Pup
78918,241.6481,-36.8023,4.22,-0.18,,Theta Lup
80569,246.756,-18.4563,4.22,0.22,,Chi Oph
89908,275.1893,71.3378,4.22,-0.09,Aldhiba,Phi Dra
92175,281.7936,-4.7479,4.22,1.09,,Beta Sct
92609,283.0543,-62.1876,4.22,-0.15,,Lambda Pav
92791,283.6262,36.8986,4.22,1.57,,δ2 Lyr
102453,311.4156,30.7197,4.22,1.05,,
105102,319.354,39.3947,4.22,0.1,,Sigma Cyg
114724,348.5807,-6.049,4.22,1.54,,Phi Aqr
1599,5.0178,-64.8748,4.23,0.58,,Zeta Tuc
37629,115.828,28.8835,4.23,1.12,,Sigma Gem
64394,197.9683,27.8782,4.23,0.57,,Beta Com
67153,206.4219,-33.0437,4.23,0.39,,i Cen
68520,210.4116,1.5445,4.23,0.12,,Tau Vir
79101,242.1924,44.9349,4.23,-0.04,,Phi Her
81852,250.7694,-77.5174,4.23,1.06,,Beta Aps
93825,286.6046,-37.0634,4.23,0.52,,Gamma CrA
107259,325.8769,58.78,4.23,2.24,The Garnet Star,Mu Cep
107533,326.6984,49.3096,4.23,-0.12,,π2 Cyg
5372,17.187,86.2571,4.24,1.21,,
11407,36.7463,-47.7038,4.24,-0.14,,Kappa Eri
12770,41.0306,-13.8587,4.24,-0.12,,Pi Cet
60000,184.5868,-79.3122,4.24,-0.12,,Beta Cha
61317,188.4356,41.3575,4.24,0.59,Chara,Beta CVn
80911,247.8456,-34.7044,4.24,-0.17,,N Sco
86565,265.3536,-12.8753,4.24,0.09,,Omicron Ser
114855,348.9729,-9.0877,4.24,1.11,,ψ1 Aqr
5896,18.9423,-68.8759,4.25,0.48,,Kappa Tuc
19167,61.646,50.3513,4.25,-0.01,,Lambda Per
21402,68.9136,10.1608,4.25,0.18,,d Tau
21476,69.1726,41.2648,4.25,1.17,,e Per
23972,77.2866,-8.7541,4.25,-0.19,,Lambda Eri
41075,125.7088,43.1881,4.25,1.55,Alsciaukat,
62896,193.3592,-40.1789,4.25,0.22,,n Cen
70692,216.8814,75.696,4.25,1.43,,
107418,326.3622,61.1208,4.25,0.47,Castula,Nu Cep
5434,17.3755,47.2418,4.26,0.01,,Phi And
8198,26.3485,9.1577,4.26,0.94,Torcular,Omicron Psc
15510,49.9819,-43.0698,4.26,0.71,,e Eri
16611,53.447,-21.6329,4.26,-0.11,,τ5 Eri
19893,64.0066,-51.4866,4.26,0.31,,Gamma Dor
22783,73.5125,66.3427,4.26,-0.01,,Alpha Cam
44066,134.6218,11.8577,4.26,0.14,Acubens,Alpha Cnc
86170,264.1368,-38.6353,4.26,1.07,,Q Sco
88267,270.3767,21.5958,4.26,0.41,,
108917,330.9477,64.628,4.26,0.38,Kurhah,Xi Cep
4906,15.7359,7.8901,4.27,0.95,,Epsilon Psc
12828,41.2356,10.1141,4.27,0.31,,Mu Cet
19860,63.8836,8.8924,4.27,-0.05,,Mu Tau
21589,69.5394,12.5108,4.27,0.12,,c1 Tau
21881,70.5613,22.9569,4.27,-0.11,,Tau Tau
64004,196.7277,-49.9062,4.27,-0.18,,ξ2 Cen
74911,229.6334,-47.8753,4.27,-0.09,,Mu Lup
95294,290.8047,-44.7998,4.27,0.35,Arkab Posterior,β2 Sgr
102532,311.6646,16.1243,4.27,1.04,Al Salib,γ2 Del
115830,351.9921,6.379,4.27,1.06,,Theta Psc
20711,66.5769,22.8136,4.28,0.26,,Upsilon Tau
47193,144.272,81.3264,4.28,1.49,,
51172,156.7879,-31.0678,4.28,1.43,,Alpha Ant
85423,261.8386,-29.867,4.28,0.4,,d Oph
99655,303.3494,56.5677,4.28,0.11,,
105515,320.5617,-16.8345,4.28,0.89,,Iota Cap
109410,332.4969,33.1782,4.28,0.47,,Pi Peg
114131,346.7197,-43.5204,4.28,0.42,,Theta Gru
16852,54.2183,0.4017,4.29,0.57,,
24845,79.8939,-13.1768,4.29,-0.23,,Lambda Lep
52154,159.8266,-55.6033,4.29,1.02,,x Vel
57936,178.2272,-33.9081,4.29,-0.1,,Beta Hya
77055,236.0147,77.7945,4.29,0.04,Akfa Farkadain,Zeta UMi
80894,247.7849,-16.6127,4.29,0.92,,Phi Oph
109139,331.6093,-13.8697,4.29,-0.07,,Iota Aqr
111188,337.8764,-32.3461,4.29,0.01,Fum al Hui,Beta PsA
116631,354.5342,43.2681,4.29,-0.08,,Iota And
4577,14.6515,-29.3574,4.3,-0.15,,Alpha Scl
11484,37.0398,8.4601,4.3,-0.05,,ξ2 Cet
17531,56.3021,24.4673,4.3,-0.11,Taygeta,q Tau
17797,57.1495,-37.6202,4.3,-0.04,,f Eri
20648,66.3724,17.9279,4.3,0.05,,
28404,89.9837,45.9367,4.3,1.7,,Pi Aur
42799,130.8061,3.3987,4.3,-0.19,,Eta Hya
53417,163.9033,24.7497,4.3,0.02,,
56647,174.2372,-0.8237,4.3,0.98,,Upsilon Leo
57669,177.4211,-63.7885,4.3,-0.15,,j Cen
61174,188.0176,-16.196,4.3,0.39,,Eta Crv
70069,215.0814,-56.3865,4.3,0.08,,v Cen
100027,304.412,-12.5082,4.3,0.93,Prima Giedi,α1 Cap
42568,130.1543,-59.761,4.31,-0.12,,d Car
70638,216.7301,-83.6679,4.31,1.3,,Delta Oct
75411,231.1226,37.3772,4.31,0.31,Alkalurops,μ1 Boo
78990,241.8514,-20.8688,4.31,0.83,,ω2 Sco
101847,309.5845,-1.1051,4.31,0.95,,l Aql
16826,54.1224,48.1926,4.32,-0.06,,Psi Per
21763,70.1105,-19.6715,4.32,1.6,,
25945,83.0531,18.5942,4.32,2.06,The Ruby Star,
29696,93.8445,29.4981,4.32,1.02,,Kappa Aur
43067,131.5939,-13.5477,4.32,0.9,,D Hya
46750,142.9301,22.968,4.32,1.54,Alterf,Lambda Leo
58758,180.7563,-63.3129,4.32,0.28,,θ1 Cru
64241,197.497,17.5294,4.32,0.46,Diadem,Alpha Com
67669,207.9567,-32.9941,4.32,-0.15,,k Cen
72683,222.9096,-43.5754,4.32,-0.15,,Omicron Lup
84880,260.2069,-12.8469,4.32,0.04,,Nu Ser
36284,112.0408,8.9255,4.33,1.43,,Gamma CMi
62867,193.2788,-48.9433,4.33,1.34,,e Cen
70576,216.5451,-45.3793,4.33,0.43,,τ2 Lup
84405,258.8374,-26.6028,4.33,0.85,Guniibuu,A Oph
88866,272.1451,-63.6686,4.33,0.23,,Pi Pav
89826,274.9655,36.0645,4.33,1.16,,Kappa Lyr
2912,9.2202,33.7193,4.34,-0.12,,Pi And
3031,9.6389,29.3118,4.34,0.87,,Epsilon And
5542,17.7757,55.1499,4.34,0.17,Marfak,Theta Cas
27100,86.1932,-65.7355,4.34,0.22,,Delta Dor
31125,97.964,-23.4184,4.34,-0.24,,ξ1 CMa
40888,125.1606,-77.4845,4.34,1.16,,Theta Cha
45496,139.0503,-57.5415,4.34,1.6,,g Car
47175,144.2064,-49.355,4.34,0.17,,M Vel
68523,210.4312,-45.6034,4.34,0.6,,υ2 Cen
76552,234.5134,-42.5673,4.34,1.41,,Omega Lup
85355,261.6287,4.1404,4.34,1.48,,Sigma Oph
91971,281.1932,37.6051,4.34,0.19,Nasr Alwaki,ζ1 Lyr
92161,281.7553,18.1815,4.34,0.15,,
107348,326.1279,17.35,4.34,1.16,,
111022,337.3826,47.7069,4.34,1.68,,
14838,47.9074,19.7267,4.35,1.03,Botein,Delta Ari
22509,72.653,8.9002,4.35,0.01,Al Taj,π2 Ori
31407,98.7441,-52.9756,4.35,-0.02,,N Car
33449,104.3192,58.4228,4.35,0.85,,
39794,121.9825,-68.6171,4.35,-0.11,,Epsilon Vol
43234,132.1082,5.8378,4.35,-0.04,,Rho Hya
60742,186.7345,28.2684,4.35,1.13,Al Dafirah,Gamma Com
74857,229.4577,-30.1487,4.35,1.1,,f Lup
85822,263.0542,86.5865,4.35,0.02,Yildun,Delta UMi
90098,275.8068,-61.4939,4.35,1.46,,Xi Pav
94713,289.0921,38.1337,4.35,1.26,,Theta Lyr
107380,326.2367,-33.0258,4.35,-0.05,,Iota PsA
2484,7.8861,-62.9582,4.36,-0.06,,β1 Tuc
3405,10.8385,-57.4631,4.36,0.02,,Eta Phe
10324,33.25,8.8467,4.36,0.88,Al Kaff al Jidhmah,ξ1 Cet
16335,52.6437,47.9952,4.36,1.37,,Sigma Per
19038,61.1738,22.0819,4.36,1.06,,A1 Tau
22701,73.2236,-5.4527,4.36,0.26,,Omega Eri
24327,78.3078,-12.9413,4.36,-0.09,,Kappa Lep
28199,89.3842,-35.2833,4.36,-0.17,,Gamma Col
33347,104.0343,-17.0542,4.36,-0.06,,Iota CMa
39863,122.1485,-2.9838,4.36,0.97,,Zeta Mon
68862,211.5115,-41.1796,4.36,-0.2,,Chi Cen
96468,294.1803,-1.2866,4.36,-0.08,Al Thalimain Posterior,Iota Aql
154,0.4901,-6.0141,4.37,1.63,,
29807,94.1381,-35.1405,4.37,0.98,,Kappa Col
35415,109.677,-24.9544,4.37,-0.13,,Tau CMa
53773,165.0386,-42.2259,4.37,0.12,,i Vel
88886,272.1895,20.8146,4.37,-0.16,,
98412,299.9341,-35.2763,4.37,-0.15,,θ1 Sgr
64238,197.4875,-5.539,4.38,-0.01,Apami-Atsa,Theta Vir
99255,302.2223,77.7114,4.38,-0.05,Al Aghnam,Kappa Cep
115669,351.5116,-20.642,4.38,1.46,,b2 Aqr
116231,353.2427,-37.8183,4.38,-0.1,,Beta Scl
8837,28.4114,-46.3027,4.39,1.6,,Psi Phe
17884,57.3803,65.526,4.39,1.87,,
26176,83.7052,9.4896,4.39,-0.16,Heka,φ1 Ori
27913,88.5958,20.2762,4.39,0.59,,χ1 Ori
30419,95.942,4.5929,4.39,0.21,,Epsilon Mon
39311,120.5664,2.3346,4.39,1.25,,G CMi
49637,151.9761,9.9975,4.39,1.45,,A Leo
73620,225.7252,2.0913,4.39,1.03,,
82673,253.502,10.1654,4.39,-0.09,,Iota Oph
84893,260.2516,-21.1129,4.39,0.39,Aggia,Xi Oph
96757,295.0241,18.0139,4.39,0.78,Sham,Alpha Sge
96837,295.2622,17.476,4.39,1.04,,Beta Sge
105319,319.9666,-53.4494,4.39,0.19,,Theta Ind
4463,14.3017,23.4176,4.4,0.94,,Eta And
38070,117.0215,-25.9372,4.4,-0.07,,Omicron Pup
39906,122.2568,-19.245,4.4,-0.16,,
93015,284.2376,-67.2335,4.4,0.53,,Kappa Pav
108431,329.4795,-54.9926,4.4,0.3,,Delta Ind
32761,102.4638,-53.6224,4.41,0.9,,A Car
34693,107.7849,30.2452,4.41,1.26,,Tau Gem
70300,215.7593,-39.5118,4.41,-0.18,Bidelman's Helium Variable Star,a Cen
85693,262.6846,26.1106,4.41,1.43,Maasym,Lambda Her
87998,269.6256,30.1893,4.41,0.38,,Nu Her
105138,319.4795,34.8969,4.41,-0.1,,Upsilon Cyg
114222,346.9744,75.3875,4.41,0.8,,Pi Cep
115033,349.4759,-9.1825,4.41,-0.14,,ψ2 Aqr
115102,349.706,-32.532,4.41,1.11,,Gamma Scl
29038,91.893,14.7685,4.42,-0.16,,Nu Ori
31700,99.4726,-18.2375,4.42,1.14,,ν3 CMa
34922,108.3847,-44.6397,4.42,1.33,,L2 Pup
34981,108.5634,-26.3525,4.42,-0.17,,
40326,123.5122,-40.3479,4.42,1.17,,h2 Pup
53954,165.5824,20.1798,4.42,0.05,,b Leo
72571,222.5721,-27.9604,4.42,1.37,,E Hya
77257,236.6109,7.3531,4.42,0.6,,Lambda Ser
88290,270.4383,1.3051,4.42,0.05,,
110538,335.8901,52.229,4.42,1.01,,Beta Lac
115623,351.3449,23.4041,4.42,0.62,Alkarab,Upsilon Peg
17593,56.5356,-12.1016,4.43,1.6,,Pi Eri
19849,63.818,-7.6529,4.43,0.82,Keid,ο2 Eri
23040,74.3217,53.7521,4.43,-0.02,,
94481,288.4395,39.146,4.43,-0.15,Aladfar,Eta Lyr
98688,300.6645,-27.7098,4.43,1.64,Terebellum,c Sgr
100587,305.9651,32.1902,4.43,1.33,,
102281,310.8647,15.0746,4.43,0.3,Al Ukud,Delta Del
102624,311.9343,-5.0277,4.43,1.64,,k Aqr
1170,3.6601,-18.9329,4.44,1.64,,
3786,12.1706,7.5851,4.44,1.5,Kuton,Delta Psc
19921,64.121,-59.3022,4.44,1.08,,Epsilon Ret
21770,70.1405,-41.8638,4.44,0.34,,Alpha Cae
30060,94.9058,59.011,4.44,0.03,,
36795,113.5133,-22.2961,4.44,0.52,,
40091,122.8396,-39.6185,4.44,1.59,,h1 Pup
40706,124.6388,-36.6593,4.44,0.22,,q Pup
71121,218.1544,-50.4572,4.44,-0.18,,Sigma Lup
95771,292.1764,24.6649,4.44,1.5,Anser,Alpha Vul
7884,25.3579,5.4876,4.45,1.35,,Nu Psc
13147,42.2726,-32.4059,4.45,0.98,,Beta For
24244,78.0746,-11.8692,4.45,-0.1,,Iota Lep
29426,92.985,14.2088,4.45,-0.18,,Xi Ori
42402,129.6893,3.3414,4.45,1.22,Minchir,Sigma Hya
44191,135.0225,-41.2536,4.45,0.65,,w Vel
51849,158.8971,-57.5576,4.45,1.6,,r Car
52633,161.4458,-80.5402,4.45,-0.19,,δ2 Cha
55084,169.1654,-3.6516,4.45,0.21,,Phi Leo
80975,248.0342,-21.4664,4.45,0.13,,Omega Oph
94648,288.8877,73.3555,4.45,1.26,,Tau Dra
96229,293.5223,7.3789,4.45,1.18,,Mu Aql
11569,37.2664,67.4025,4.46,0.15,,Iota Cas
18255,58.5729,-2.9547,4.46,0.67,,w Eri
24331,78.3228,2.8613,4.46,1.17,,Rho Ori
44901,137.2177,51.6046,4.46,0.29,Alhaud,f UMa
54682,167.9145,-22.8258,4.46,0.03,Al Sharasif,Beta Crt
59173,182.0218,-50.6613,4.46,-0.16,,
80582,246.796,-47.5548,4.46,-0.07,,Epsilon Nor
112948,343.1314,-32.8755,4.46,-0.04,,Gamma PsA
12843,41.2758,-18.5726,4.47,0.48,,τ1 Eri
15549,50.0848,29.0485,4.47,1.55,,
23123,74.6371,1.714,4.47,1.37,,π6 Ori
30788,97.0425,-32.5801,4.47,-0.17,,Lambda CMa
31216,98.2259,7.333,4.47,0.02,,
38957,119.5602,-49.2449,4.47,-0.18,,
44599,136.2867,-72.6027,4.47,0.61,,G Car
46146,141.1636,26.1823,4.47,1.22,Al Minlear al Asad,Kappa Leo
47006,143.706,52.0515,4.47,0.03,,
57803,177.7862,-45.1735,4.47,1.28,,B Cen
71284,218.6701,29.7451,4.47,0.36,,Sigma Boo
73165,224.2958,-4.3465,4.47,0.32,,
104858,318.6201,10.007,4.47,0.53,,Delta Equ
109111,331.5287,-39.5434,4.47,1.35,,Lambda Gru
3504,11.1813,48.2844,4.48,-0.07,,Omicron Cas
18744,60.2242,-62.1593,4.48,1.5,,Gamma Ret
20713,66.5864,15.6183,4.48,0.26,,
32578,101.9652,2.4122,4.48,1.1,,
49641,151.9845,-0.3716,4.48,-0.03,,Alpha Sex
75323,230.8444,-59.3208,4.48,0.17,,Gamma Cir
80343,246.0258,-20.0373,4.48,1.0,,Psi Oph
113889,345.9692,3.82,4.48,-0.12,Fumalsamakah,Beta Psc
114119,346.6702,-23.7431,4.48,0.89,,c1 Aqr
9480,30.4894,70.907,4.49,0.16,,A Cas
21248,68.3773,-29.7665,4.49,0.97,Beemim,υ1 Eri
32249,100.9971,13.228,4.49,1.17,,
34834,108.1401,-46.7593,4.49,0.32,,I Pup
38455,118.161,-38.8628,4.49,-0.19,,b Pup
49593,151.8573,35.2447,4.49,0.19,,
71762,220.1815,16.4183,4.49,-0.0,,π1 Boo
96441,294.1106,50.2211,4.49,0.4,,Theta Cyg
104234,316.7819,-25.0059,4.49,1.6,,A Cap
107310,326.0357,28.7426,4.49,0.51,,μ1 Cyg
116928,355.5117,1.78,4.49,0.2,,Lambda Psc
116971,355.6806,-14.5449,4.49,-0.03,,ω2 Aqr
118322,359.9791,-65.5771,4.49,-0.07,,Epsilon Tuc
26594,84.7964,4.1215,4.5,-0.1,,Omega Ori
27530,87.4569,-56.1667,4.5,1.07,,Gamma Pic
43105,131.6773,-56.7698,4.5,-0.17,,f Car
50676,155.2283,-56.0432,4.5,-0.1,,J Vel
57565,176.9964,20.2189,4.5,0.55,,
67275,206.8156,17.4569,4.5,0.51,,Tau Boo
99874,303.9422,27.8142,4.5,1.26,,
104459,317.3985,-11.3717,4.5,0.93,Albulaan,Nu Aqr
106039,322.1808,-21.8072,4.5,0.89,,b Cap
109285,332.0959,-32.9885,4.5,0.05,,Mu PsA
109754,333.4697,39.7149,4.5,1.39,,
111944,340.1286,44.2763,4.5,1.32,,
1473,4.5819,36.7852,4.51,0.05,,Sigma And
5586,17.9152,30.0896,4.51,1.09,,Tau Psc
27483,87.2935,39.1811,4.51,0.95,,Tau Aur
46515,142.3113,-35.9513,4.51,1.41,,Epsilon Ant
47391,144.8375,-61.3281,4.51,-0.07,,m Car
76852,235.3877,19.6704,4.51,0.06,,Iota Ser
98702,300.7045,67.8736,4.51,1.31,,Rho Dra
102333,311.0097,-51.921,4.51,0.28,,Eta Ind
106723,324.2701,-19.466,4.51,-0.18,Kastra,Epsilon Cap
110838,336.8332,-64.9664,4.51,-0.03,,Delta Tuc
117863,358.596,57.4994,4.51,1.19,,Rho Cas
13061,41.9773,29.2471,4.52,1.11,Lilii Borea,
65271,200.6581,-60.9884,4.52,-0.14,,J Cen
65387,201.002,-64.5357,4.52,0.82,,m Cen
69974,214.7775,-13.3711,4.52,0.13,Khambaliya,Lambda Vir
73745,226.1114,26.9476,4.52,1.24,Aulad Alnathlat,Psi Boo
89112,272.8073,-45.9544,4.52,1.01,,Epsilon Tel
95176,290.4318,-15.955,4.52,0.08,,Upsilon Sgr
102431,311.338,57.5797,4.52,0.54,,υ1 Cep
106140,322.4871,23.6388,4.52,1.62,,
111104,337.6219,43.1234,4.52,-0.09,,
2487,7.8895,-62.9656,4.53,0.15,,β2 Tuc
3881,12.4535,41.0789,4.53,-0.14,,Nu And
28413,90.014,-3.0743,4.53,1.2,,
37096,114.3421,-34.9685,4.53,-0.08,,f Pup
69483,213.3709,51.79,4.53,0.23,Asellus Tertius,κ2 Boo
85365,261.6578,-5.0866,4.53,0.39,,
87072,266.8901,-27.8308,4.53,0.6,,
102589,311.8522,36.4907,4.53,-0.08,,Lambda Cyg
114570,348.1375,49.4062,4.53,0.3,,
24727,79.544,33.3716,4.54,1.25,,
31416,98.7641,-22.9648,4.54,-0.04,,ξ2 CMa
46776,142.9955,-1.1847,4.54,0.11,,τ2 Hya
46952,143.5558,36.3976,4.54,0.91,,
46977,143.6202,69.8303,4.54,0.78,,d UMa
72659,222.8474,19.1005,4.54,0.72,,Xi Boo
74392,228.0554,-19.7917,4.54,-0.07,,Iota Lib
75304,230.789,-36.8585,4.54,-0.15,,φ2 Lup
98162,299.2368,-27.1699,4.54,1.46,Terebellum,b1 Sgr
114144,346.7511,9.4095,4.54,1.56,,
115919,352.2887,12.7606,4.54,0.94,,
301,0.935,-17.336,4.55,-0.05,,
16281,52.4781,58.8787,4.55,0.49,,
23595,76.1017,-35.483,4.55,1.18,,Gamma Cae
33694,105.0168,76.9774,4.55,1.36,,
36425,112.4491,12.0066,4.55,1.28,,
48402,148.0265,54.0643,4.55,0.04,,Phi UMa
76371,233.9719,-44.9584,4.55,-0.17,,d Lup
80079,245.1591,-24.1693,4.55,0.76,,Omicron Sco
88839,272.0207,-28.4571,4.55,0.94,,
107119,325.4804,71.3114,4.55,1.11,,
110351,335.2564,46.5366,4.55,-0.1,,
110609,336.1291,49.4764,4.55,0.09,,
13328,42.8785,35.0597,4.56,1.55,,
18597,59.6865,-61.4002,4.56,1.59,,Delta Ret
27830,88.3319,27.6123,4.56,-0.01,,
44700,136.6324,38.4522,4.56,1.04,,
54951,168.801,23.0955,4.56,1.66,Zubrah,
70574,216.5343,-45.2214,4.56,-0.15,,τ1 Lup
86092,263.915,-46.5057,4.56,-0.02,,Sigma Ara
103004,313.032,27.097,4.56,0.83,,
104194,316.6504,47.6484,4.56,1.57,,f2 Cyg
16870,54.2737,-40.2745,4.57,1.02,,y Eri
80463,246.354,14.0333,4.57,0.0,Cujam,Omega Her
80473,246.3963,-23.4472,4.57,0.23,,Rho Oph
86614,265.4848,72.1488,4.57,0.43,Dziban,Psi Dra
92818,283.687,22.6451,4.57,0.78,,
94005,287.0874,-40.4967,4.57,1.07,,Delta CrA
97886,298.3654,24.0796,4.57,-0.05,,
26237,83.8465,-4.8384,4.58,-0.18,Mizan Batil,c Ori
48374,147.9194,-46.5476,4.58,1.17,,m Vel
52468,160.8845,-60.5666,4.58,1.7,,w Car
64425,198.0733,-59.9206,4.58,-0.07,,
67627,207.8581,64.7233,4.58,1.57,,i Dra
79404,243.0759,-27.9264,4.58,-0.17,,c2 Sco
86284,264.4613,-8.1188,4.58,0.13,,Mu Oph
115250,350.1593,23.7403,4.58,0.18,Salm,Tau Peg
3245,10.3315,-46.085,4.59,0.95,,Mu Phe
17351,55.7086,-37.3135,4.59,1.19,,h Eri
17959,57.5896,71.3323,4.59,0.06,,Gamma Cam
25473,81.7093,3.0957,4.59,-0.2,,Psi Ori
42527,130.0534,64.3279,4.59,1.18,Museida,π2 UMa
46509,142.2871,-2.769,4.59,0.41,Ukdah,τ1 Hya
50555,154.9031,-55.0293,4.59,1.6,,
54751,168.1501,-60.3176,4.59,0.54,,y Car
77512,237.3985,26.0684,4.59,0.79,,Delta CrB
77840,238.403,-25.3271,4.59,-0.07,,A Sco
91926,281.0949,39.6127,4.59,0.18,,ε2 Lyr
96465,294.1768,-24.8836,4.59,-0.07,,h2 Sgr
117452,357.2314,-28.1303,4.59,0.0,,Delta Scl
20070,64.5609,50.2955,4.6,0.04,,b Per
49402,151.2811,-13.0646,4.6,-0.09,,υ2 Hya
53502,164.1794,-37.1378,4.6,1.01,,Iota Ant
72125,221.3103,16.9643,4.6,0.97,,Omicron Boo
75501,231.3342,-38.7336,4.6,0.0,,k Lup
77760,238.1689,42.4515,4.6,0.56,,Chi Her
95081,290.167,65.7145,4.6,0.03,Tais,Pi Dra
443,1.3339,-5.7076,4.61,1.03,,
1366,4.2729,38.6816,4.61,0.06,,Theta And
8833,28.389,3.1875,4.61,0.93,,Xi Psc
14817,47.8224,39.6116,4.61,1.11,Gorgonea Quarta,Omega Per
36145,111.6785,49.2115,4.61,-0.0,,
39095,119.9669,-18.3992,4.61,0.09,,
76219,233.5446,-10.0645,4.61,1.0,,
101474,308.4758,35.2509,4.61,1.59,,
4422,14.1663,59.1811,4.62,0.96,Castula,υ2 Cas
18673,59.9812,-24.0162,4.62,-0.12,,τ9 Eri
23497,75.7739,21.59,4.62,0.15,,Iota Tau
25923,82.9827,-7.3015,4.62,-0.26,Thabit,Upsilon Ori
44824,137.012,-25.8585,4.62,1.59,,Kappa Pyx
54182,166.2543,7.336,4.62,0.33,,Chi Leo
54301,166.6351,-62.4241,4.62,0.99,,z Car
56480,173.6902,-54.2641,4.62,-0.08,,A Cen
62327,191.5946,-56.4888,4.62,-0.15,,
63007,193.6633,-59.1467,4.62,-0.15,,Lambda Cru
80628,246.9508,-8.3717,4.62,0.18,,Upsilon Oph
88175,270.1209,-3.6903,4.62,0.39,Alava,Zeta Ser
90982,278.3758,-42.3125,4.62,0.99,,Theta CrA
92946,284.0549,4.2036,4.62,0.16,Alya,θ1 Ser
13914,44.803,21.3404,4.63,0.05,,Epsilon Ari
37648,115.8849,-28.4109,4.63,1.63,,
38500,118.2651,-49.613,4.63,-0.23,,
42835,130.9182,-7.2337,4.63,0.84,,F Hya
45448,138.9378,-37.4131,4.63,0.47,Markeb,k Vel
61789,189.9689,-39.9873,4.63,-0.08,,l Cen
66738,205.1845,54.6816,4.63,1.63,,
73199,224.3959,65.9325,4.63,1.59,,
77635,237.7448,-25.7513,4.63,-0.07,,b Sco
78662,240.8837,-57.7751,4.63,0.25,,ι1 Nor
90797,277.8434,-62.2783,4.63,-0.12,,Nu Pav
92512,282.8004,59.3884,4.63,1.19,,Omicron Dra
118131,359.4397,25.1414,4.63,1.58,,Psi Peg
18216,58.4279,-24.6122,4.64,-0.14,,τ8 Eri
22845,73.7239,10.1508,4.64,0.09,,π1 Ori
28716,90.9799,20.1385,4.64,0.24,,χ2 Ori
67234,206.6641,-51.4328,4.64,0.95,,M Cen
76669,234.8445,36.6358,4.64,-0.1,,ζ1 CrB
76829,235.2974,-44.6612,4.64,0.41,,g Lup
82369,252.4585,-10.783,4.64,0.48,,
84606,259.4177,37.2915,4.64,0.04,,e Her
88765,271.8265,8.7339,4.64,0.95,,
95585,291.6295,0.3386,4.64,0.58,,Nu Aql
101589,308.8272,14.6742,4.64,0.12,,Zeta Del
111674,339.3434,51.5451,4.64,0.25,,
113919,346.0458,50.0521,4.64,1.06,,
12719,40.863,27.7071,4.65,-0.12,,
21273,68.4622,14.8444,4.65,0.26,,Rho Tau
23607,76.1423,15.4041,4.65,-0.06,,
27890,88.5252,-63.0896,4.65,1.02,,
35363,109.5766,-36.734,4.65,-0.1,,v1 Pup
36514,112.6775,-30.9623,4.65,0.9,,
36917,113.8454,-28.3693,4.65,-0.11,,p Pup
51192,156.852,-57.6388,4.65,0.47,,P Car
58590,180.2183,6.6143,4.65,0.12,,Pi Vir
78639,240.8037,-49.2297,4.65,0.9,,Eta Nor
5571,17.8634,21.0347,4.66,1.02,,Chi Psc
8497,27.3963,-10.6864,4.66,0.33,,Chi Cet
31978,100.2444,9.8958,4.66,-0.23,,
33302,103.906,-20.1365,4.66,0.37,,Pi CMa
35205,109.1458,-27.8812,4.66,1.59,,
42806,130.8214,21.4685,4.66,0.01,Asellus Borealis,Gamma Cnc
44626,136.4099,-70.5385,4.66,-0.15,,E Car
53295,163.4948,43.19,4.66,-0.04,,Omega UMa
61740,189.8115,-7.9956,4.66,1.24,,Chi Vir
62012,190.6477,-48.8131,4.66,1.07,,w Cen
76705,234.9416,-34.4119,4.66,0.96,,ψ1 Lup
88567,271.2551,-29.5801,4.66,0.77,Nash,
89678,274.5133,-27.0426,4.66,1.63,,
90135,275.9149,-8.9344,4.66,0.93,,Zeta Sct
98543,300.2752,27.7536,4.66,0.18,,
5742,18.4373,24.5837,4.67,1.05,,Phi Psc
16244,52.3419,49.5089,4.67,-0.1,,
19811,63.7222,40.4837,4.67,1.01,,f Per
21683,69.8188,15.918,4.67,0.15,,σ2 Tau
28910,91.5388,-14.9353,4.67,0.05,,Theta Lep
40167,123.053,17.6478,4.67,0.53,Tegmine,ζ1 Cnc
45075,137.7294,63.5136,4.67,0.38,,Tau UMa
88128,270.0142,16.7509,4.67,1.25,,
90595,277.2994,-14.5658,4.67,0.08,,Gamma Sct
91919,281.0848,39.6701,4.67,0.17,Double Double,ε1 Lyr
96100,293.09,69.6612,4.67,0.79,Alsafi,Sigma Dra
103738,315.3228,-32.2578,4.67,0.89,,Gamma Mic
7294,23.4828,59.232,4.68,0.99,,Chi Cas
8928,28.7339,-67.6473,4.68,0.93,,η2 Hyi
9677,31.1227,-29.2968,4.68,-0.16,,Nu For
13879,44.6903,39.6627,4.68,0.07,Gorgonea Secunda,Pi Per
43878,134.0803,-52.7235,4.68,-0.12,,H Vel
47310,144.6137,4.6493,4.68,1.31,,
49029,150.0534,8.0442,4.68,1.59,,Pi Leo
52098,159.6801,31.9762,4.68,0.82,,
66006,202.9912,-6.2558,4.68,1.61,,l Vir
66234,203.6136,49.016,4.68,0.13,,
80047,245.0867,-78.6957,4.68,1.68,,δ1 Aps
96683,294.8442,30.1533,4.68,0.97,,Phi Cyg
106786,324.438,-7.8542,4.68,0.17,Bunda,Xi Aqr
112211,340.8968,-18.8304,4.68,1.36,,g Aqr
20732,66.6516,14.7138,4.69,0.98,,Pi Tau
24813,79.7853,40.0991,4.69,0.63,,Lambda Aur
37173,114.5752,-25.3648,4.69,-0.1,,m Pup
38089,117.084,-47.0777,4.69,1.04,,Q Pup
39211,120.3056,-1.3926,4.69,1.48,,
52102,159.6875,-59.183,4.69,1.56,,t2 Car
62268,191.4085,-60.9813,4.69,1.05,,Iota Cru
107136,325.5236,51.1896,4.69,-0.12,Azelfafage,π1 Cyg
108870,330.8402,-56.786,4.69,1.06,,Epsilon Ind
116389,353.769,-42.6151,4.69,0.08,,Iota Phe
24927,80.1122,-21.2398,4.7,-0.05,,
56633,174.1705,-9.8022,4.7,-0.07,,Theta Crt
56922,175.0533,-34.7447,4.7,-0.07,,Omicron Hya
82671,253.4989,-42.362,4.7,0.44,,ζ1 Sco
91726,280.5684,-9.0525,4.7,0.36,,Delta Sct
98066,298.9598,-26.2995,4.7,0.75,Terebellum,Omega Sgr
104521,317.5854,10.1316,4.7,0.26,,Gamma Equ
113116,343.604,84.3462,4.7,1.42,,
116247,353.3193,-20.9145,4.7,0.02,,b3 Aqr
13954,44.9288,8.9074,4.71,-0.11,Menkar,Lambda Cet
16245,52.3445,-62.9375,4.71,0.41,,Kappa Ret
22667,73.1332,14.2506,4.71,1.77,Al Kumm,ο1 Ori
23693,76.3777,-57.4727,4.71,0.53,,Zeta Dor
25737,82.4333,-1.0922,4.71,1.59,,
25984,83.182,32.192,4.71,0.28,,Chi Aur
45902,140.3733,-25.9654,4.71,1.63,,Theta Pyx
46026,140.801,-28.8339,4.71,0.89,,Lambda Pyx
57283,176.1907,-18.3507,4.71,0.96,,Zeta Crt
63945,196.5696,-48.4633,4.71,-0.15,,f Cen
68191,209.412,-63.6867,4.71,1.07,,
97938,298.562,8.4615,4.71,1.02,Libertas,Xi Aql
105140,319.4845,-32.1725,4.71,0.07,,Epsilon Mic
114375,347.4787,-22.4576,4.71,0.67,,c3 Aqr
6692,21.4834,68.13,4.72,1.05,,Psi Cas
25044,80.4406,-0.3825,4.72,-0.17,,o Ori
27639,87.7602,37.3056,4.72,1.62,,Upsilon Aur
29276,92.5746,-54.9686,4.72,-0.23,,Delta Pic
40084,122.8179,-12.927,4.72,0.94,,
46371,141.8267,-22.3438,4.72,1.15,,G Hya
51056,156.4784,33.7961,4.72,0.26,,
51438,157.5839,-71.9928,4.72,0.04,,K Car
51658,158.3079,40.4256,4.72,0.22,,
58867,181.0801,-63.1657,4.72,-0.08,,θ2 Cru
60202,185.1793,17.7929,4.72,1.01,,
64844,199.3856,40.5726,4.72,0.31,,
78592,240.6996,46.0367,4.72,-0.09,,Upsilon Her
84514,259.1529,-0.4453,4.72,1.12,,
107188,325.6646,-18.8663,4.72,0.87,,Kappa Cap
11313,36.4059,50.2786,4.73,1.53,,
33202,103.661,13.1778,4.73,0.32,,e Gem
40096,122.8579,-42.9873,4.73,0.16,,
53907,165.457,-2.4846,4.73,1.59,,p2 Leo
78914,241.6227,-45.1732,4.73,0.23,,Delta Nor
79119,242.2429,36.4909,4.73,1.01,,Tau CrB
103045,313.1635,-8.9833,4.73,0.33,Albulan,Mu Aqr
2505,7.9432,54.5223,4.74,-0.1,,Lambda Cas
6193,19.8666,27.2641,4.74,0.03,,Upsilon Psc
11783,38.0218,-15.2447,4.74,0.45,,Sigma Cet
12413,39.95,-42.8917,4.74,0.06,,s Eri
15520,49.997,65.6523,4.74,-0.11,,
16341,52.6544,-5.0751,4.74,-0.09,,v Eri
39903,122.2528,-61.3024,4.74,0.44,,B Car
42624,130.3047,-47.3171,4.74,0.14,,n Vel
44390,135.6362,67.6296,4.74,1.54,,Rho UMa
64924,199.6013,-18.3112,4.74,0.71,,
69191,212.4784,-53.4389,4.74,0.94,,
77661,237.8163,20.9779,4.74,1.53,,Rho Ser
88116,269.9481,-23.8161,4.74,-0.03,,
93542,285.7787,-42.0951,4.74,-0.03,,Zeta CrA
96052,292.943,34.453,4.74,-0.15,,
103632,314.9565,47.521,4.74,-0.08,,f1 Cyg
108874,330.8285,-2.1554,4.74,-0.1,Sadalmulk,Omicron Aqr
116602,354.4625,-45.4924,4.74,0.08,,
35020,108.6589,-48.2719,4.75,-0.09,,
57581,177.0606,-66.8149,4.75,1.52,,Mu Mus
67786,208.3022,-31.9276,4.75,-0.11,,h Cen
69713,214.0414,51.3672,4.75,0.24,Asellus Secundus,Iota Boo
76880,235.4867,-19.6788,4.75,1.57,,Kappa Lib
76945,235.6709,-34.7104,4.75,-0.15,,ψ2 Lup
101612,308.8952,-60.5817,4.75,0.29,,φ1 Pav
115088,349.6562,68.1114,4.75,0.84,,Omicron Cep
2472,7.8541,-48.8035,4.76,0.02,,λ1 Phe
13244,42.6186,-75.0669,4.76,1.34,,Nu Hyi
13288,42.7597,-21.004,4.76,0.91,Angetenar,τ2 Eri
27750,88.1102,1.8551,4.76,1.38,,
29997,94.7116,69.3198,4.76,0.03,,
38901,119.4171,-30.3346,4.76,0.15,,Chi Pup
47522,145.3209,-23.5915,4.76,-0.12,,I Hya
52370,160.5588,-64.4664,4.76,-0.14,,
55266,169.7829,38.1856,4.76,0.11,,
60485,186.0062,51.5623,4.76,0.88,,
63355,194.731,17.4094,4.76,1.57,,
65639,201.8632,-15.9736,4.76,1.1,,
67665,207.9478,34.4442,4.76,1.61,,
70264,215.6545,-58.4591,4.76,0.8,,
84969,260.4978,-67.7707,4.76,1.19,,Zeta Aps
86486,265.0993,-49.4156,4.76,0.41,,Lambda Ara
94703,289.0543,21.3904,4.76,-0.06,,
106801,324.4801,62.0819,4.76,0.25,,
114155,346.7781,25.4683,4.76,1.28,,
3455,11.0475,-10.6096,4.77,1.0,Alnitham,φ1 Cet
14382,46.385,56.7057,4.77,1.02,,k Per
26563,84.7212,-7.2128,4.77,0.14,,d Ori
32533,101.8326,8.0373,4.77,1.4,,
45751,139.9433,-11.9749,4.77,0.93,,
56127,172.5787,-3.0035,4.77,1.53,,e Leo
62985,193.5882,-9.539,4.77,1.59,,Psi Vir
86201,264.2379,68.758,4.77,0.43,Al Dhih,Omega Dra
88404,270.7705,-8.1803,4.77,0.41,,Tau Oph
90905,278.1438,57.0456,4.77,0.61,,d Dra
98761,300.8894,-37.9407,4.77,1.42,,
100044,304.4467,38.0329,4.77,0.38,Revenant of the Swan,P Cyg
100310,305.1659,-12.7591,4.77,-0.05,Alshat,Nu Cap
101027,307.2151,-17.8137,4.77,0.39,,Rho Cap
112519,341.8711,83.1538,4.77,1.26,,
122,0.3988,-77.0657,4.78,1.25,,Theta Oct
4147,13.2521,-1.1443,4.78,1.55,,
9977,32.1219,37.8591,4.78,0.12,,
17587,56.5097,63.345,4.78,0.75,,
21029,67.6401,16.194,4.78,0.17,,
23231,74.9822,-12.5374,4.78,0.27,,
26199,83.7612,-6.002,4.78,-0.25,,
39847,122.1144,51.5067,4.78,0.05,,
40274,123.373,-35.8995,4.78,-0.11,,r Pup
47758,146.0504,-27.7695,4.78,0.52,,Theta Ant
50564,154.934,19.4709,4.78,0.45,,
60351,185.6263,25.8462,4.78,0.52,,
64852,199.4012,5.4699,4.78,1.64,,Sigma Vir
70104,215.1774,-45.1871,4.78,0.31,,
70306,215.7741,-27.754,4.78,1.3,,k Hya
85755,262.854,-23.9626,4.78,0.02,,c Oph
87294,267.5463,-40.0904,4.78,0.26,Vanant,ι2 Sco
92024,281.3621,-64.8713,4.78,0.2,,
110371,335.3306,28.3305,4.78,-0.01,,
110882,336.9647,4.6957,4.78,1.04,,
1168,3.6507,20.2067,4.79,1.57,,Chi Peg
9153,29.4822,23.5961,4.79,0.29,,Lambda Ari
22678,73.1583,36.7032,4.79,1.41,,
41039,125.6321,-48.4904,4.79,-0.15,,B Vel
45856,140.2367,-62.4046,4.79,0.93,,k Car
64661,198.8123,-67.8946,4.79,-0.08,,Eta Mus
77655,237.808,35.6574,4.79,1.0,,Kappa CrB
80815,247.552,-25.1152,4.79,-0.12,,i Sco
87220,267.2937,-31.7032,4.79,-0.03,,
88149,270.0658,4.3686,4.79,-0.1,,
99824,303.8162,25.592,4.79,-0.18,,
109400,332.4518,72.3412,4.79,0.92,,
109908,333.9038,-41.3467,4.79,0.79,,μ1 Gru
3300,10.5162,50.5125,4.8,-0.1,,Xi Cas
4151,13.2675,61.124,4.8,0.54,,
15197,48.9584,-8.8197,4.8,0.23,Zibal,Zeta Eri
20354,65.3882,46.4989,4.8,-0.02,,d Per
20542,66.024,17.4441,4.8,0.15,,
23364,75.3598,-7.174,4.8,-0.16,Kursi al Jauzah,Psi Eri
31832,99.8326,42.4889,4.8,1.24,,ψ2 Aur
45038,137.5981,67.134,4.8,0.49,,σ2 UMa
45493,139.0472,54.0219,4.8,0.2,,e UMa
45811,140.1209,-9.5557,4.8,0.91,,P Hya
52502,161.0288,-63.9611,4.8,-0.13,,
61394,188.7128,22.6293,4.8,0.01,,
64022,196.7947,27.6247,4.8,1.48,,
69112,212.2122,77.5475,4.8,1.37,,
69879,214.4992,35.5095,4.8,1.06,,A Boo
71995,220.8557,26.5279,4.8,1.67,,
73568,225.5271,25.0081,4.8,1.51,,Omega Boo
79881,244.5746,-28.614,4.8,0.01,,d Sco
84573,259.3315,33.1001,4.8,-0.17,,u Her
99639,303.3252,46.8157,4.8,0.1,,
103089,313.3115,44.3873,4.8,-0.13,,
105382,320.1902,-40.8095,4.8,0.03,,θ1 Mic
110672,336.3193,1.3774,4.8,-0.17,Seat,Pi Aqr
112051,340.4392,29.3076,4.8,-0.01,Sadalmatar,Omicron Peg
24010,77.4248,15.5972,4.81,0.31,,
24372,78.4394,-67.1853,4.81,1.27,,Theta Dor
24659,79.3712,-34.8952,4.81,0.99,,Omicron Col
28237,89.4986,25.9539,4.81,-0.09,,
39138,120.0832,-63.5675,4.81,-0.17,,D Car
47029,143.766,39.6215,4.81,0.99,,
55687,171.1525,-10.8593,4.81,1.56,,Epsilon Crt
70755,217.0506,-2.228,4.81,0.69,Elgafar,Phi Vir
90289,276.3377,-20.5417,4.81,1.31,,
101867,309.6306,21.2012,4.81,-0.03,,
102724,312.2345,46.1141,4.81,0.57,,
9095,29.292,-47.3853,4.82,0.86,,
24340,78.3572,38.4845,4.82,0.19,Alhiba,Mu Aur
31827,99.8197,-14.1458,4.82,1.46,,
33092,103.3871,-20.2243,4.82,-0.21,,
36773,113.4498,-14.5239,4.82,1.36,,
50799,155.5816,-41.65,4.82,1.09,,r Vel
51459,157.6566,55.9805,4.82,0.54,,
60710,186.6323,-51.4506,4.82,-0.14,,G Cen
66458,204.3651,36.2949,4.82,0.24,,
69226,212.5997,25.0917,4.82,0.54,,d Boo
78554,240.5737,22.8045,4.82,0.07,,Pi Ser
80179,245.5181,1.029,4.82,0.34,,Sigma Ser
82321,252.3092,45.9833,4.82,0.09,,
83262,255.265,-4.2226,4.82,1.48,,
90344,276.4964,65.5635,4.82,1.18,Fafnir,
92782,283.5994,71.2972,4.82,1.15,Athafi,Upsilon Dra
104019,316.1013,-19.855,4.82,0.17,Arm,Eta Cap
110386,335.3795,12.2052,4.82,-0.13,,
111123,337.6617,-10.678,4.82,-0.05,,Sigma Aqr
115022,349.436,49.0153,4.82,1.67,,
116901,355.4409,-17.8165,4.82,0.82,,A2 Aqr
4292,13.7507,58.9727,4.83,1.22,,υ1 Cas
6813,21.9141,45.4067,4.83,0.42,,Omega And
12390,39.891,-11.8722,4.83,0.45,,Epsilon Cet
12876,41.386,-67.6166,4.83,0.06,,Zeta Hyi
34495,107.2128,-39.6557,4.83,-0.18,,A Pup
35210,109.1535,-23.3156,4.83,1.6,,
40945,125.3459,-33.0544,4.83,1.42,,w Pup
42726,130.6058,-53.114,4.83,-0.17,,
63724,195.8888,-49.5273,4.83,0.03,,ξ1 Cen
73695,225.9471,47.6541,4.83,0.65,,i Boo
74449,228.2066,-44.5004,4.83,-0.18,,e Lup
80704,247.1606,41.8817,4.83,1.29,,g Her
83574,256.2056,-34.1229,4.83,0.26,,k Sco
92088,281.5187,26.6621,4.83,1.2,,
93026,284.2653,-5.8463,4.83,1.06,,Eta Sct
93174,284.6807,-37.1074,4.83,0.4,,Epsilon CrA
7007,22.5463,6.1438,4.84,1.37,,Mu Psc
10340,33.3055,44.2317,4.84,1.48,,b And
10644,34.2635,34.2242,4.84,0.61,,Delta Tri
15457,49.8404,3.3702,4.84,0.68,,Kappa Cet
19740,63.4849,9.2638,4.84,0.8,,
26777,85.3238,16.5341,4.84,-0.12,,
37297,114.8639,-38.308,4.84,-0.19,,d1 Pup
42134,128.8321,-58.0092,4.84,0.98,,e2 Car
53807,165.1402,3.6175,4.84,1.14,,d Leo
57328,176.321,8.2581,4.84,0.17,,Xi Vir
70027,214.9385,16.3069,4.84,1.23,,
81008,248.1512,11.488,4.84,1.5,,h Her
81660,250.2297,64.589,4.84,1.21,,g Dra
82020,251.3242,56.7819,4.84,0.38,,
98353,299.7383,-26.1958,4.84,0.88,Terebellum,A Sgr
112203,340.8749,-41.4143,4.84,1.03,,Rho Gru
112374,341.4078,-53.5001,4.84,1.18,,Eta Gru
114104,346.6534,59.4198,4.84,-0.06,,
14862,47.9845,74.3937,4.85,0.04,,
15416,49.6826,34.2227,4.85,1.49,,
36431,112.4642,-23.0243,4.85,0.24,,
49712,152.2343,-51.8113,4.85,-0.12,,Q Vel
64408,198.0133,-37.803,4.85,0.69,,
74837,229.412,-63.6105,4.85,1.26,,Epsilon Cir
87846,269.1976,-44.3422,4.85,1.18,,
89918,275.2169,3.3772,4.85,0.91,,
93148,284.6157,-52.9386,4.85,-0.05,,Lambda Tel
2210,6.9821,-33.0072,4.86,1.63,,Eta Scl
15382,49.5921,-22.5111,4.86,0.9,,
32438,101.5589,59.4417,4.86,0.08,,
42483,129.927,-29.5611,4.86,0.9,,Zeta Pyx
51808,158.7728,75.7129,4.86,0.96,,
64820,199.3042,-66.7834,4.86,1.48,,
70327,215.8446,8.4466,4.86,0.01,,
71832,220.4115,8.1618,4.86,0.99,,
80181,245.5243,30.892,4.86,0.97,,Xi CrB
81122,248.5209,-44.0453,4.86,0.04,,Mu Nor
81497,249.6869,48.9283,4.86,1.56,,
85829,263.0668,55.173,4.86,0.28,Kuma,ν2 Dra
86736,265.8575,-21.6832,4.86,0.47,,
91918,281.0807,-35.642,4.86,-0.17,,
92761,283.5424,-22.7448,4.86,1.41,Ainalrami,ν1 Sgr
94643,288.8851,-25.2567,4.86,0.57,Al Kiladah,Psi Sgr
101773,309.3971,-61.5299,4.86,0.45,,Rho Pav
109068,331.4198,5.0585,4.86,1.44,Fum al Faras,Nu Peg
6411,20.5851,45.5288,4.87,1.08,Adhil,Xi And
12093,38.9686,5.5932,4.87,0.88,,Nu Cet
15110,48.7254,21.0444,4.87,-0.01,,Zeta Ari
19777,63.5987,-10.2563,4.87,1.16,,A Eri
34899,108.3056,-45.1827,4.87,-0.0,,L1 Pup
42662,130.4306,-15.9434,4.87,1.06,,
43825,133.8815,-27.6819,4.87,0.14,,Delta Pyx
48559,148.5513,-25.9323,4.87,1.2,,
51979,159.3072,-27.4126,4.87,1.63,,
52736,161.7134,-64.3835,4.87,-0.15,,
97290,296.5906,-19.7611,4.87,1.06,,f Sgr
106551,323.694,38.5341,4.87,1.08,,
11345,36.4875,-12.2905,4.88,-0.03,Sadr al Kaitos,Rho Cet
25539,81.9087,21.937,4.88,-0.14,,o Tau
27468,87.254,24.5675,4.88,1.02,,
27810,88.2787,-33.8014,4.88,-0.15,,Lambda Col
35412,109.6682,-24.5587,4.88,-0.16,,
58484,179.9066,-78.2218,4.88,-0.05,,Epsilon Cha
61960,190.4711,10.2356,4.88,0.08,,Rho Vir
63462,195.0686,30.785,4.88,1.17,,
82860,254.007,65.1348,4.88,0.48,,h Dra
87936,269.4492,-41.7163,4.88,1.62,,
91845,280.8802,-8.2752,4.88,1.11,,Epsilon Sct
94820,289.4087,-18.9529,4.88,1.01,,d Sgr
96341,293.8041,-48.0992,4.88,1.1,,Iota Tel
117301,356.7644,58.652,4.88,1.12,,Tau Cas
118209,359.6682,-3.556,4.88,0.93,,
118243,359.7522,55.7549,4.88,-0.07,,Sigma Cas
910,2.8161,-15.468,4.89,0.49,,
22453,72.4777,37.4883,4.89,1.45,,
25302,81.1868,1.8464,4.89,-0.2,,
27511,87.3872,12.6513,4.89,-0.07,,
37265,114.7914,34.5843,4.89,0.41,Jishui,Omicron Gem
37908,116.531,18.51,4.89,1.43,,g Gem
51523,157.8409,-53.7155,4.89,0.5,,
52009,159.3886,-13.3845,4.89,2.8,,
57443,176.6295,-40.5004,4.89,0.66,,
57851,177.9634,-65.2059,4.89,-0.12,,
62886,193.3239,21.2449,4.89,0.9,,
69896,214.5579,-81.0078,4.89,0.24,,Eta Aps
83613,256.3445,12.7408,4.89,0.12,,
85819,263.044,55.1842,4.89,0.25,Kuma,ν1 Dra
97118,296.0692,37.3544,4.89,0.95,,
102831,312.492,-33.7797,4.89,1.0,,Alpha Mic
111841,339.8153,39.0503,4.89,-0.21,,
115990,352.5081,58.5489,4.89,-0.12,,
3801,12.2084,50.9682,4.9,-0.09,,Nu Cas
6670,21.4051,-14.5988,4.9,1.23,,
26885,85.6193,1.4746,4.9,1.14,,b Ori
33485,104.4046,45.0941,4.9,0.03,,
62683,192.6715,-33.9993,4.9,-0.03,,p Cen
64583,198.5631,-59.1032,4.9,0.49,,
78655,240.8508,-38.6025,4.9,-0.15,,
78821,241.3606,-19.8019,4.9,-0.02,,β2 Sco
80686,247.1173,-70.0844,4.9,0.56,,Zeta TrA
97679,297.7671,22.61,4.9,-0.15,,
102790,312.3707,-46.2268,4.9,1.49,,Zeta Ind
12623,40.5621,40.1939,4.91,0.58,,
21139,67.9694,-0.044,4.91,1.32,,
23362,75.3566,-20.0519,4.91,-0.05,,
23835,76.8625,18.6451,4.91,0.66,,m Tau
30093,94.9983,-2.9445,4.91,1.61,,
34622,107.557,-4.2371,4.91,1.02,,
34752,107.9139,39.3205,4.91,1.45,,
52085,159.6456,-16.8766,4.91,0.92,,Phi Hya
61966,190.4857,-59.6858,4.91,-0.04,,
66257,203.6992,37.1824,4.91,0.4,,
73473,225.2431,-8.5189,4.91,0.0,Zuben Elakribi,Delta Lib
74604,228.6555,-31.5191,4.91,0.37,,i Lup
81724,250.3933,-17.7422,4.91,1.09,,
83608,256.3338,54.47,4.91,0.47,Alrakis,Mu Dra
98055,298.9074,52.4389,4.91,0.12,,Psi Cyg
101101,307.4125,-2.8855,4.91,1.16,,
101692,309.1818,-2.55,4.91,1.61,,
111310,338.2503,-61.9821,4.91,1.61,,Nu Tuc
113186,343.807,8.8162,4.91,-0.0,,Rho Peg
9061,29.1675,-22.5268,4.92,1.43,,
28574,90.4601,-10.5979,4.92,-0.13,,
28816,91.2464,-16.4844,4.92,0.2,,
30520,96.2246,49.2879,4.92,1.91,Dolones,ψ1 Aur
34059,105.9734,-49.5839,4.92,0.14,,H Pup
36547,112.7686,82.4115,4.92,1.63,,
45439,138.903,-38.5699,4.92,1.08,,l Vel
54204,166.3329,-27.2936,4.92,0.37,,χ1 Hya
60697,186.6003,27.2682,4.92,0.28,,
66200,203.533,3.659,4.92,0.03,,o Vir
67480,207.4285,21.2641,4.92,1.43,,e Boo
72104,221.2467,-35.1918,4.92,0.01,,c2 Cen
75379,231.0495,-10.3223,4.92,0.45,,Epsilon Lib
88726,271.7079,-43.4252,4.92,0.26,,
89861,275.0746,21.9613,4.92,1.59,,
90830,277.9393,-45.9148,4.92,-0.1,,δ1 Tel
92689,283.3064,50.7082,4.92,0.9,,
102388,311.2188,25.2706,4.92,1.18,,
19515,62.7108,-41.9936,4.93,0.33,,Delta Hor
19990,64.3153,20.5786,4.93,0.26,,Omega Tau
20252,65.1027,34.5667,4.93,0.95,,
23179,74.8142,37.8902,4.93,0.04,,
36942,113.9155,-52.5338,4.93,1.37,,Q Car
37609,115.7517,58.7104,4.93,0.1,,
39079,119.934,-3.6796,4.93,1.21,,
43937,134.2434,-59.2293,4.93,-0.18,,b1 Car
47592,145.5601,-23.9156,4.93,0.53,,
56280,173.0683,-29.261,4.93,0.54,,
56986,175.2235,-62.0901,4.93,1.11,,
59847,184.0856,23.9454,4.93,0.96,,
62763,192.9247,27.5407,4.93,0.68,Polaris Galacticus Borealis,
63503,195.1821,56.3663,4.93,0.37,,
69269,212.7104,-16.302,4.93,1.68,,
72631,222.7545,-2.2992,4.93,0.99,,
73996,226.8253,24.8692,4.93,0.43,,c Boo
79375,243.0,-10.0643,4.93,0.09,,Psi Sco
96483,294.2227,-7.0275,4.93,-0.05,,Kappa Aql
99120,301.8465,-52.8808,4.93,1.59,,Xi Tel
99303,302.3567,36.8396,4.93,-0.14,,b2 Cyg
99770,303.6335,36.8063,4.93,0.15,,b3 Cyg
102571,311.7948,34.3741,4.93,1.29,,
114939,349.2122,-7.7265,4.93,1.61,,Chi Aqr
117073,355.9979,29.3615,4.93,0.94,,
10280,33.0928,30.3031,4.94,0.77,,
13905,44.7653,35.1831,4.94,1.24,,
33357,104.0666,-48.7211,4.94,1.67,,
35727,110.5564,-19.0166,4.94,-0.04,,
39424,120.8795,27.7943,4.94,1.13,,Chi Gem
43347,132.4485,-45.3079,4.94,0.04,,g Vel
48615,148.7175,-19.0094,4.94,1.56,Felis,
50933,156.0327,65.5664,4.94,-0.05,,
51495,157.7586,-73.2215,4.94,1.68,,
64166,197.2636,-23.1181,4.94,1.05,,Psi Hya
64540,198.4289,40.1529,4.94,1.06,,
80650,246.9959,68.7681,4.94,-0.05,,A Dra
93279,285.0034,32.1455,4.94,1.47,,Lambda Lyr
99742,303.5692,15.1976,4.94,0.07,,Rho Aql
101138,307.5148,48.9516,4.94,-0.09,Ruchba,ω1 Cyg
109422,332.5366,-32.5484,4.94,0.49,,Tau PsA
3414,10.867,47.0245,4.95,0.17,,Pi Cas
6242,20.0205,58.2316,4.95,0.68,,Phi Cas
18505,59.356,63.0723,4.95,-0.07,,
26736,85.2113,-1.1288,4.95,-0.2,,
29434,93.0137,16.1304,4.95,-0.15,,f1 Ori
55945,171.9843,2.8563,4.95,1.0,,Tau Leo
61384,188.6834,70.0218,4.95,1.31,,
78207,239.5474,-14.2794,4.95,-0.08,,
79509,243.3697,-54.6305,4.95,1.02,,Kappa Nor
79822,244.3762,75.7553,4.95,0.39,Anwa Farkadain,Eta UMi
98068,298.9657,38.4867,4.95,-0.09,,
98608,300.4364,-59.3759,4.95,1.36,,
112917,343.0085,43.3124,4.95,1.56,,
115738,351.7331,1.2556,4.95,0.04,,Kappa Psc
117245,356.598,3.4868,4.95,2.51,,
7818,25.1451,40.577,4.96,-0.07,,Tau And
7918,25.4464,42.6134,4.96,0.62,,
11918,38.4613,-28.2323,4.96,-0.05,,Omega For
15648,50.3607,43.3297,4.96,0.05,,l Per
20877,67.1099,16.3597,4.96,1.14,,
24822,79.8192,22.0965,4.96,0.94,,n Tau
27949,88.7116,55.7069,4.96,0.05,,Xi Aur
67494,207.4678,-18.1342,4.96,1.06,,
78180,239.4477,54.7498,4.96,0.27,,
78650,240.8359,-25.8652,4.96,1.23,,
88657,271.5079,22.2189,4.96,1.66,,
89153,272.9306,-23.7012,4.96,1.05,,
89172,272.9757,31.4053,4.96,1.64,,A Her
115590,351.2094,62.2828,4.96,1.68,,
5862,18.7963,-45.5317,4.97,0.57,,Nu Phe
9009,29.0001,68.6852,4.97,-0.08,,Omega Cas
17313,55.5944,33.965,4.97,-0.05,,o Per
18772,60.3256,-61.0788,4.97,1.39,,Iota Ret
20250,65.0884,27.3508,4.97,1.15,Alkalbain,Phi Tau
28010,88.8747,-37.1207,4.97,1.1,,Xi Col
38538,118.3742,26.7658,4.97,0.1,,Phi Gem
50847,155.7423,-66.9015,4.97,-0.13,,L Car
60172,185.0874,3.3126,4.97,1.17,,c Vir
65721,202.1075,13.7788,4.97,0.71,,
70753,217.0434,-29.4916,4.97,-0.07,,l Hya
76742,235.0704,-23.8181,4.97,1.3,,
79790,244.2539,-50.0681,4.97,0.79,,γ1 Nor
83430,255.7828,14.0919,4.97,1.6,,
116310,353.4883,31.3253,4.97,1.38,,
116758,354.9461,-14.2222,4.97,0.26,,ω1 Aqr
117221,356.5085,46.4203,4.97,1.09,,Psi And
7999,25.6813,-3.6902,4.98,1.38,,
10053,32.3556,25.9399,4.98,0.34,,
13884,44.6992,-64.0713,4.98,0.13,,Beta Hor
23783,76.6693,51.5977,4.98,0.34,,
26220,83.8159,-5.3873,4.98,0.0,Trapezium,θ1 Ori
26235,83.8454,-5.4161,4.98,-0.1,,θ2 Ori
37379,115.0967,-15.2639,4.98,1.54,,
42509,130.0061,-12.4754,4.98,1.42,,a Hya
53824,165.1867,6.1014,4.98,0.17,,c Leo
57696,177.4859,-70.2258,4.98,1.36,,
60746,186.7471,26.8257,4.98,0.09,,
76041,232.9458,40.8993,4.98,0.09,,ν2 Boo
78493,240.3607,29.8511,4.98,-0.05,,Iota CrB
90156,275.9775,58.8007,4.98,0.08,,b Dra
92951,284.061,4.2021,4.98,0.2,,θ2 Ser
95066,290.1371,-5.4158,4.98,0.94,,f Aql
98073,298.9807,58.846,4.98,1.58,,
355,1.1255,-10.5095,4.99,1.62,,
9505,30.5755,54.4875,4.99,-0.07,,g Per
16147,52.0128,49.0629,4.99,-0.09,,
17304,55.5621,-31.9384,4.99,-0.16,,Delta For
18488,59.2845,61.1089,4.99,1.44,,
21644,69.7231,-12.1231,4.99,0.07,,
25142,80.7083,3.5445,4.99,-0.1,,m Ori
32844,102.6914,41.7812,4.99,1.26,,ψ7 Aur
32855,102.7181,-34.3673,4.99,1.38,,
33971,105.7282,-4.2392,4.99,-0.2,,
36041,111.4121,9.2761,4.99,0.99,,Epsilon CMi
40259,123.3332,-15.7882,4.99,1.07,,
44659,136.4932,5.0923,4.99,1.19,,Omega Hya
45085,137.7683,-44.8679,4.99,0.22,,
46771,142.9864,11.2998,4.99,1.05,,Xi Leo
55560,170.7066,43.4827,4.99,1.0,,
59856,184.1256,33.0615,4.99,1.14,,
66821,205.4365,-54.5594,4.99,-0.06,,Q Cen
69389,213.0659,2.4094,4.99,-0.12,,
75206,230.5345,-47.9278,4.99,0.52,,ν1 Lup
75312,230.8013,30.2878,4.99,0.58,,Eta CrB
78323,239.8761,-41.7444,4.99,0.99,,
89348,273.4743,64.3973,4.99,0.44,,
95372,291.0316,29.6213,4.99,-0.12,,
98842,301.0816,-32.0563,4.99,1.21,,
109289,332.1081,-34.0438,4.99,1.5,,Upsilon PsA
113288,344.1083,49.7335,4.99,1.78,,
115115,349.7403,-9.6107,4.99,-0.02,,ψ3 Aqr
19018,61.1132,59.1555,5.0,0.49,,
25278,81.1061,17.3835,5.0,0.54,,
29034,91.8818,-37.2529,5.0,-0.1,Elkurud,Theta Col
29735,93.937,-13.7184,5.0,-0.08,,
33345,104.0277,-14.0434,5.0,1.18,Isis,Mu CMa
35384,109.6332,49.4648,5.0,0.09,,
47205,144.3028,6.8358,5.0,1.05,,
55588,170.8028,-36.1648,5.0,1.46,,
57175,175.88,-62.4894,5.0,0.78,,
76008,232.8539,77.3494,5.0,1.54,,Theta UMi
79043,242.0189,17.047,5.0,0.93,Marsic,Kappa Her
88060,269.772,-30.253,5.0,1.65,,
88788,271.8697,43.4619,5.0,0.91,,
92845,283.7798,-22.6713,5.0,1.35,,ν2 Sgr
93408,285.3599,46.9348,5.0,0.19,,
94490,288.4798,57.7051,5.0,1.16,,
96275,293.6454,19.7734,5.0,-0.09,,
97295,296.6067,33.7276,5.0,0.48,,
118121,359.3962,-64.2982,5.0,0.06,,Eta Tuc
841,2.5802,46.0723,5.01,0.41,,
2219,7.0121,17.8931,5.01,1.58,,
7719,24.8375,44.3862,5.01,0.88,,Chi And
23430,75.5409,-26.275,5.01,1.06,,
24504,78.8516,32.6876,5.01,0.22,,
29353,92.8124,-65.5894,5.01,1.6,,η2 Dor
29919,94.4784,61.5153,5.01,1.84,,
36429,112.4532,27.9161,5.01,1.12,,b Gem
38423,118.0653,-34.7054,5.01,0.47,,
42088,128.6817,-49.9442,5.01,1.3,,C Vel
46950,143.5366,-51.2553,5.01,-0.18,,L Vel
52425,160.7668,69.0762,5.01,1.41,,
56862,174.8733,-65.3978,5.01,0.8,,
60059,184.749,-55.143,5.01,1.6,,F Cen
60646,186.4622,39.0186,5.01,0.95,,
60998,187.5277,69.2011,5.01,1.62,,
84833,260.0786,18.0571,5.01,1.65,,
97496,297.2444,19.142,5.01,0.1,,Zeta Sge
98258,299.4876,-15.4915,5.01,0.06,,g Sgr
20901,67.209,13.0476,5.02,0.21,,b Tau
25292,81.1631,37.3853,5.02,1.45,,Sigma Aur
46880,143.3019,-21.1157,5.02,1.02,,
51635,158.2369,-47.0034,5.02,1.04,,t Vel
53426,163.9349,33.5069,5.02,1.1,,
68103,209.1424,27.4921,5.02,1.44,,
72800,223.2128,-37.8032,5.02,-0.15,,
74793,229.2745,71.8239,5.02,1.37,Pherkad Minor,
87212,267.2679,50.7811,5.02,0.04,,
87234,267.3626,76.9629,5.02,0.52,,
89981,275.3861,49.1216,5.02,1.62,,
91975,281.2081,2.06,5.02,-0.06,,
93057,284.3353,-20.6563,5.02,0.14,,ξ1 Sgr
95477,291.3187,-24.5086,5.02,0.23,,χ1 Sgr
107608,326.934,-30.8983,5.02,0.04,,Theta PsA
9836,31.6414,22.6483,5.03,0.12,,Kappa Ari
22479,72.5484,-16.2172,5.03,0.99,,
28675,90.815,-26.2845,5.03,1.33,,
35226,109.2059,-36.5926,5.03,-0.16,,
37891,116.487,-14.5638,5.03,0.34,,
41639,127.3645,-44.7248,5.03,-0.17,,
53721,164.8666,40.4303,5.03,0.62,Chalawan,
61418,188.7823,18.3771,5.03,1.15,,
66803,205.4032,-8.703,5.03,1.62,,m Vir
69618,213.7381,-57.0861,5.03,-0.07,,
82504,252.9386,24.6564,5.03,1.25,,
83336,255.4693,-32.1435,5.03,-0.1,,
84671,259.6541,10.8645,5.03,1.54,,e Oph
91755,280.6581,55.5395,5.03,-0.07,,c Dra
95261,290.7134,-54.4239,5.03,0.02,,Eta Tel
95937,292.666,-2.7889,5.03,1.77,,e Aql
97635,297.6572,52.988,5.03,1.29,,d Cyg
103200,313.6402,28.0576,5.03,1.48,,
183,0.583,-29.7204,5.04,-0.15,,Zeta Scl
5317,17.0035,43.9421,5.04,0.11,,
8241,26.5261,-53.522,5.04,0.03,,q2 Eri
15219,49.0508,50.9377,5.04,1.11,,
21861,70.5145,-37.1443,5.04,0.39,,Beta Cae
28325,89.768,-9.5583,5.04,0.19,,
28991,91.7641,-62.1546,5.04,1.26,,
29800,94.1109,12.2722,5.04,0.43,,k Ori
32173,100.7707,44.5244,5.04,1.48,,ψ4 Aur
35846,110.8688,25.0505,5.04,0.9,,A Gem
37300,114.8691,17.6745,5.04,1.62,,f Gem
37606,115.7379,-45.1731,5.04,0.77,,
39690,121.6681,-45.266,5.04,1.49,,
58905,181.1936,-76.5191,5.04,1.49,,Kappa Cha
64407,198.0148,-16.1986,5.04,0.46,,
65468,201.2797,-74.8878,5.04,1.11,,ι1 Mus
65810,202.3552,-51.1651,5.04,0.06,,K Cen
74778,229.2371,-60.9573,5.04,-0.08,,Delta Cir
74975,229.8283,1.7654,5.04,0.54,,
75973,232.7323,40.833,5.04,1.59,,ν1 Boo
77811,238.3336,-20.167,5.04,-0.01,,Lambda Lib
105186,319.6133,43.9459,5.04,-0.06,,A Cyg
106711,324.2374,40.4135,5.04,0.2,,
108535,329.8124,73.1799,5.04,0.44,,
111710,339.4391,-4.2281,5.04,1.14,Situla,Kappa Aqr
15444,49.7818,50.095,5.05,-0.07,,
17851,57.2967,24.1367,5.05,-0.08,Pleione,
23649,76.2417,-49.5778,5.05,1.48,,η2 Pic
24879,80.0038,33.9581,5.05,0.29,,
31765,99.6568,-48.2202,5.05,1.0,,
37391,115.127,87.0201,5.05,1.6,,
42430,129.7829,-22.6619,5.05,0.72,,
88745,271.7564,30.5621,5.05,0.53,,b Her
109556,332.8774,59.4145,5.05,0.19,,Lambda Cep
114347,347.3811,8.6772,5.05,1.48,,
115227,350.0858,5.3813,5.05,1.2,,b Psc
117371,356.9782,67.8068,5.05,0.01,,
17296,55.5389,63.2168,5.06,1.65,,
24505,78.8516,-26.9435,5.06,-0.07,,
25045,80.4427,-24.773,5.06,0.66,,
29134,92.1844,-68.8434,5.06,-0.07,,Nu Dor
29417,92.9659,-6.5503,5.06,-0.2,,
30772,96.9899,-4.7622,5.06,-0.17,,
36817,113.5776,-23.4737,5.06,0.47,,n Pup
40680,124.5784,-65.6132,5.06,1.13,,
49485,151.5467,-47.37,5.06,0.88,,
53838,165.2101,39.2121,5.06,0.26,,
70248,215.5965,-80.1089,5.06,-0.11,,Epsilon Aps
84033,257.6763,-44.5577,5.06,0.87,,
96825,295.2091,45.5249,5.06,0.43,,
96950,295.6297,-16.124,5.06,0.32,,e2 Sgr
98571,300.3398,50.1047,5.06,1.12,,e Cyg
101868,309.633,24.116,5.06,-0.13,,
102843,312.5205,44.0593,5.06,0.2,,
102950,312.8752,-51.6082,5.06,1.12,,Iota Ind
104755,318.3355,-70.1263,5.06,1.58,,Omicron Pav
117718,358.122,19.1203,5.06,1.59,,Phi Peg
2578,8.1829,-63.0315,5.07,0.04,,β3 Tuc
3810,12.2446,16.9406,5.07,0.5,,
14954,48.1935,-1.1961,5.07,0.57,,
21060,67.7087,-44.9537,5.07,-0.19,,Delta Cae
21727,69.9778,53.0795,5.07,1.08,,
25282,81.1205,-0.8913,5.07,0.96,,p Ori
33558,104.6046,-34.1117,5.07,-0.15,,t Pup
34909,108.3428,16.159,5.07,1.65,,
36393,112.3352,28.1183,5.07,0.12,,
38010,116.8541,-38.5111,5.07,-0.11,,
46774,142.9899,9.7158,5.07,1.36,,h Leo
46928,143.4724,-80.9413,5.07,-0.14,,Zeta Cha
47452,145.0765,-14.3323,5.07,-0.15,Al Sharasif,Kappa Hya
48437,148.1268,-8.105,5.07,0.04,,Gamma Sex
51775,158.7001,6.9537,5.07,0.92,,
56243,172.942,-59.4421,5.07,1.03,,ο1 Cen
69415,213.1918,-27.2612,5.07,1.13,,
81292,249.0572,52.9244,5.07,-0.03,,
83947,257.3885,40.777,5.07,1.27,,
85805,262.9911,68.135,5.07,1.08,Adfar Aldib,f Dra
90853,278.0081,-45.7574,5.07,-0.13,,δ2 Tel
93867,286.7442,11.0712,5.07,-0.06,,
101916,309.7824,10.0862,5.07,0.7,,Kappa Del
107763,327.4612,30.1742,5.07,0.01,,
109017,331.2866,62.2798,5.07,0.24,,
2854,9.0346,54.1685,5.08,-0.1,,
17771,57.0678,11.1433,5.08,-0.12,,e Tau
21673,69.7884,15.7998,5.08,0.14,,σ1 Tau
22565,72.8436,18.8399,5.08,0.21,,i Tau
25110,80.6397,79.2311,5.08,0.51,,
25541,81.912,34.4759,5.08,1.4,,Phi Aur
29271,92.5603,-74.753,5.08,0.71,,Alpha Men
32558,101.9051,-8.9985,5.08,1.79,,
38872,119.3268,-44.1099,5.08,-0.17,,N Pup
41483,126.9024,-53.0885,5.08,0.26,,F Vel
48113,147.1474,46.021,5.08,0.62,,
51437,157.5728,-0.637,5.08,-0.14,,Beta Sex
51718,158.5037,-23.7452,5.08,1.6,,
51912,159.0855,-59.5644,5.08,1.17,,t1 Car
52457,160.854,23.1884,5.08,0.04,,
55598,170.8412,-18.78,5.08,0.44,,Lambda Crt
63005,193.6537,-57.1687,5.08,-0.09,,μ2 Cru
73129,224.1833,-62.781,5.08,-0.02,,Theta Cir
92814,283.6796,-15.603,5.08,0.14,,
99080,301.7225,23.6144,5.08,-0.16,,
100881,306.83,-18.2117,5.08,-0.05,Okul,Pi Cap
108036,328.324,-13.5518,5.08,0.38,,Mu Cap
111532,338.9422,73.6432,5.08,0.4,,
3781,12.1476,-74.9234,5.09,1.34,,Lambda Hyi
9110,29.3377,17.8175,5.09,0.92,,Iota Ari
16292,52.5008,55.4518,5.09,0.02,,
23265,75.0863,81.1941,5.09,1.3,,
31278,98.408,-1.2202,5.09,-0.13,,
35699,110.4869,20.4437,5.09,1.53,,
36114,111.591,-51.0185,5.09,1.04,,
39023,119.7738,-23.3104,5.09,1.11,,
40321,123.493,-36.3223,5.09,-0.18,,
43413,132.6394,-46.5292,5.09,-0.2,,f Vel
46283,141.5748,-53.3789,5.09,-0.1,,I Vel
47965,146.6319,57.1281,5.09,1.59,,
48224,147.4881,-45.7327,5.09,-0.1,,u Vel
55597,170.8392,-64.9547,5.09,-0.06,,
59819,184.0008,14.8991,5.09,0.07,,
77660,237.815,-3.0905,5.09,0.14,,b Ser
79302,242.7586,-29.4162,5.09,1.13,,
87194,267.2048,25.6229,5.09,1.14,,
90037,275.5774,-38.6569,5.09,1.5,,
98920,301.2896,19.9911,5.09,1.06,,Eta Sge
106999,325.0463,43.2738,5.09,1.6,,
108022,328.2657,25.9251,5.09,-0.15,,
109102,331.5081,45.0143,5.09,1.57,,
110256,335.007,-80.4397,5.09,1.28,,Epsilon Oct
113788,345.6516,42.7578,5.09,0.09,,
115444,350.769,12.3139,5.09,1.31,,
117020,355.8432,10.3315,5.09,1.69,,
13775,44.322,31.9342,5.1,-0.01,,
15737,50.6885,20.7421,5.1,1.23,,
19461,62.5114,80.6987,5.1,0.59,,
20522,65.9659,9.461,5.1,0.07,,r Tau
27534,87.473,-66.9012,5.1,-0.13,,Epsilon Dor
57613,177.1878,-26.7498,5.1,1.59,,
64803,199.2214,-31.5062,5.1,0.96,,r Cen
70400,216.0473,5.8201,5.1,0.12,,
78481,240.3097,17.8184,5.1,0.99,,r Her
82129,251.6666,-67.1097,5.1,-0.08,,
85162,261.0545,-44.1626,5.1,-0.05,,
88899,272.2203,20.0452,5.1,0.18,,
94885,289.6354,1.0851,5.1,1.14,,
106944,324.8886,2.2436,5.1,1.03,,d Aqr
107382,326.2511,-9.0824,5.1,1.11,,c Cap
113561,345.0213,56.9454,5.1,1.01,,
117689,358.027,-82.0188,5.1,0.93,,γ1 Oct
6960,22.4006,-21.6293,5.11,0.03,,
18213,58.4123,-34.7323,5.11,-0.13,,i Eri
23941,77.1821,-4.4562,5.11,0.46,,
33104,103.426,68.8883,5.11,-0.11,,
35406,109.6591,-36.7427,5.11,-0.17,,v2 Pup
48833,149.4211,41.0556,5.11,0.48,,
54461,167.1417,-61.9472,5.11,0.2,,z2 Car
65535,201.5324,-39.7551,5.11,1.18,,
77982,238.8733,-68.603,5.11,1.11,,Kappa TrA
90191,276.0574,39.5072,5.11,0.05,Al Athfar,Mu Lyr
91875,280.9456,-38.3234,5.11,0.07,,Lambda CrA
94083,287.2912,76.5605,5.11,0.31,,
101983,310.011,-60.5489,5.11,0.54,,φ2 Pav
102693,312.1214,-43.9885,5.11,0.36,,Iota Mic
108317,329.1631,63.6256,5.11,1.55,,
109973,334.1107,-41.6272,5.11,0.93,,μ2 Gru
111795,339.658,56.7956,5.11,1.54,,
112242,341.0228,41.8192,5.11,0.96,,
8882,28.5918,-42.4969,5.12,-0.06,,Phi Phe
14240,45.9034,-59.7378,5.12,0.35,,Mu Hor
23794,76.6902,-4.6552,5.12,-0.06,,
34670,107.6978,-48.9321,5.12,1.25,,
35710,110.5109,36.7606,5.12,1.08,,
37664,115.9247,-40.9337,5.12,1.1,,
38373,117.925,1.7669,5.12,-0.12,,Zeta CMi
45505,139.096,-44.2657,5.12,1.64,,
46914,143.4356,-49.0051,5.12,-0.11,,
52353,160.4856,65.7163,5.12,1.21,,
53261,163.3935,54.5851,5.12,1.35,,
56250,172.9533,-59.5156,5.12,0.43,,ο2 Cen
61468,188.9397,-41.0219,5.12,0.22,,
62356,191.6615,16.5777,5.12,1.35,,
86796,266.0363,-51.8341,5.12,0.69,Cervantes,Mu Ara
89935,275.2543,28.87,5.12,0.21,,t Her
90806,277.8596,-18.4027,5.12,0.02,,
91105,278.76,-10.9772,5.12,0.93,,
95951,292.6891,27.9653,5.12,-0.1,,β2 Cyg
96327,293.7802,-10.5604,5.12,1.12,,
97675,297.7568,10.4157,5.12,0.56,,Omicron Aql
101477,308.4795,-44.516,5.12,1.0,,Nu Mic
110391,335.3982,-21.5982,5.12,1.06,,
113860,345.8742,-34.7494,5.12,0.3,,Pi PsA
145,0.456,-3.0275,5.13,-0.13,,
1158,3.6151,-7.7805,5.13,1.6,,
6061,19.4498,3.6145,5.13,0.07,,f Psc
11477,37.0071,-33.811,5.13,0.09,,Phi For
15890,51.169,64.586,5.13,2.04,,
26221,83.8186,-5.3897,5.13,0.02,Becklin's Star,θ1 Ori
40843,125.0161,27.2177,5.13,0.49,,Chi Cnc
41325,126.4782,7.5645,5.13,0.93,,
56332,173.2255,-31.0872,5.13,1.58,,
69038,211.9823,43.8545,5.13,1.49,,
73826,226.3299,-41.0672,5.13,1.01,,
76259,233.6555,-28.047,5.13,1.31,,
79653,243.8138,-47.372,5.13,-0.11,,Theta Nor
84887,260.2259,24.4994,5.13,0.0,,
94302,287.9191,56.8592,5.13,1.01,,
104043,316.1794,-77.0238,5.13,0.49,,Alpha Oct
118234,359.7324,-52.7458,5.13,1.12,,Pi Phe
2900,9.1935,44.4886,5.14,1.59,,
5799,18.6002,-7.9228,5.14,0.45,,
16322,52.602,11.3364,5.14,-0.04,,s Tau
17886,57.3862,33.0914,5.14,0.06,,n Per
25429,81.5803,-58.9125,5.14,0.99,,Lambda Dor
28691,90.864,19.6906,5.14,-0.1,,
32765,102.4776,-46.6146,5.14,0.46,,
32864,102.7379,67.5719,5.14,-0.15,,
33779,105.2145,-51.4026,5.14,1.65,,
34033,105.9086,10.9518,5.14,1.39,,
34105,106.0764,-56.7497,5.14,-0.03,,
37088,114.3195,-4.111,5.14,0.44,,
38016,116.8763,33.4157,5.14,1.64,,Pi Gem
38917,119.4655,-45.5777,5.14,1.26,,O Pup
39567,121.2687,13.1182,5.14,0.02,,
40285,123.4006,-46.9916,5.14,-0.14,,
52742,161.7395,-56.7572,5.14,-0.08,,
56000,172.1462,-42.6742,5.14,-0.03,,
56656,174.2522,-61.2834,5.14,1.1,,
59504,183.0498,77.6162,5.14,0.36,,
60221,185.2321,-13.5657,5.14,1.05,,
64906,199.5605,49.6821,5.14,-0.05,,
70012,214.8853,-2.2655,5.14,1.02,,Upsilon Vir
76307,233.8122,39.0101,5.14,1.65,,Mu CrB
78105,239.2229,-33.9661,5.14,0.13,,ξ1 Lup
84626,259.5028,-24.2869,5.14,1.05,,Omicron Oph
93163,284.6519,-60.2005,5.14,1.35,,Omega Pav
94477,288.4279,2.2937,5.14,-0.07,,
95498,291.3692,19.7984,5.14,1.0,,
97870,298.3224,57.5235,5.14,-0.12,,
100122,304.6628,34.9828,5.14,0.66,,
102157,310.4878,-66.7607,5.14,-0.06,,Upsilon Pav
5544,17.7782,31.4247,5.15,0.26,,g Psc
9459,30.4266,-44.7135,5.15,1.47,,Chi Phe
11784,38.0257,36.1473,5.15,1.47,,
29895,94.4238,-16.8159,5.15,1.29,,
37946,116.6637,37.5174,5.15,1.59,,
42834,130.9178,-49.8228,5.15,-0.2,,D Vel
43531,132.9868,43.7266,5.15,0.97,,
44857,137.0979,66.8732,5.15,1.51,,σ1 UMa
47654,145.7383,72.2526,5.15,1.03,,
50083,153.3776,-66.3728,5.15,0.22,,M Car
54360,166.8195,-42.6387,5.15,0.03,,
56754,174.5304,-61.8266,5.15,-0.04,,
58803,180.9149,-42.4341,5.15,0.42,,
60320,185.5306,-67.5221,5.15,0.2,,ζ2 Mus
64078,196.9742,-10.7404,5.15,1.14,,
67244,206.7348,-36.2519,5.15,-0.01,,z Cen
72197,221.5003,-25.4432,5.15,0.32,,m Hya
72603,222.6716,-15.9972,5.15,0.4,Zubenelgenubi,α1 Lib
74605,228.6597,67.3467,5.15,0.55,,
74707,229.0168,-41.4912,5.15,0.56,,
75761,232.1593,1.8421,5.15,0.24,,
82073,251.4579,8.5826,5.15,1.53,,i Her
98425,299.98,37.0429,5.15,-0.13,,
101936,309.8537,0.4864,5.15,1.06,,
101984,310.0123,-18.1387,5.15,1.65,,Upsilon Cap
102531,311.6619,16.1241,5.15,0.49,,γ1 Del
114520,347.9341,8.7201,5.15,0.14,,
1686,5.2803,37.9686,5.16,0.44,,Rho And
11060,35.5893,55.8457,5.16,0.37,,i Per
13717,44.1559,-3.7123,5.16,0.08,,
15404,49.6573,50.2222,5.16,-0.07,,
27621,87.7218,-52.1089,5.16,0.96,,
31084,97.846,-12.392,5.16,1.26,,
38382,117.9429,-13.898,5.16,0.6,,
40429,123.8163,-62.9156,5.16,0.09,,C Car
44946,137.3397,22.0454,5.16,0.97,Nahn,Xi Cnc
51814,158.7904,57.0826,5.16,0.35,,
67929,208.6756,-1.5031,5.16,1.09,,p Vir
73776,226.2008,-64.0314,5.16,0.94,,Eta Cir
75530,231.4475,15.428,5.16,1.65,,τ1 Ser
76243,233.6105,-9.1834,5.16,-0.09,,
90887,278.0889,-39.704,5.16,0.08,,
105570,320.7234,6.8111,5.16,0.06,,Beta Equ
107095,325.3869,-14.0476,5.16,0.67,,
112935,343.1003,9.8357,5.16,0.49,,Sigma Peg
2381,7.5944,-23.7877,5.17,0.13,,
3909,12.5316,-10.6443,5.17,0.51,,φ2 Cet
5336,17.0683,54.9203,5.17,0.7,Marfak,Mu Cas
12273,39.5085,72.8183,5.17,0.9,,
12832,41.2399,12.4458,5.17,0.23,,
20507,65.9202,-3.7455,5.17,0.07,,Xi Eri
38211,117.4217,-17.2284,5.17,1.28,,
44093,134.7181,-47.2347,5.17,0.27,,
44143,134.8508,-59.0837,5.17,0.42,,b2 Car
58188,179.004,-17.1508,5.17,-0.02,,Eta Crt
59151,181.9578,-75.367,5.17,1.28,,
60514,186.0772,26.0986,5.17,0.08,,
61910,190.3165,-13.0139,5.17,0.43,,
63210,194.2681,-51.1988,5.17,-0.07,,H Cen
87563,268.3251,40.008,5.17,1.17,,f Her
93815,286.5831,-52.3409,5.17,0.53,,Rho Tel
95447,291.2425,11.9444,5.17,0.76,,b Aql
95556,291.538,36.3179,5.17,-0.12,,
96459,294.1582,44.6949,5.17,0.93,,
104085,316.3094,-54.727,5.17,1.2,,Mu Ind
104963,318.9079,-20.6517,5.17,1.16,,Phi Cap
117629,357.8389,-18.9092,5.17,-0.12,,i3 Aqr
1708,5.38,-28.9815,5.18,1.01,,Iota Scl
2225,7.0569,44.3945,5.18,0.04,,
8016,25.7328,70.6225,5.18,-0.02,,
19171,61.6517,27.5999,5.18,-0.12,,
22833,73.6954,11.426,5.18,0.12,Manica,g Ori
24197,77.9232,16.0457,5.18,1.52,,
25918,82.9709,-76.341,5.18,1.13,,Gamma Men
26640,84.9342,25.8971,5.18,-0.15,,
27204,86.4996,-32.3064,5.18,-0.27,,Mu Col
33682,104.9606,-67.9164,5.18,1.4,,
35951,111.1674,-16.2015,5.18,-0.04,,
40943,125.3377,-36.4842,5.18,-0.19,,
41296,126.3805,-51.7274,5.18,-0.16,,
42504,129.99,-53.0547,5.18,-0.15,,
45333,138.5856,61.4233,5.18,0.6,,c UMa
52469,160.887,46.2039,5.18,0.32,,
55137,169.3225,2.0106,5.18,1.51,,
55779,171.4298,-63.9725,5.18,0.49,,
69373,213.0167,69.4325,5.18,1.59,,
73036,223.894,-60.1142,5.18,1.16,,
92646,283.1652,-52.1074,5.18,0.96,,Kappa Tel
96665,294.7985,5.3978,5.18,-0.0,,Sigma Aql
97630,297.6416,38.7224,5.18,1.67,,
99853,303.876,23.5089,5.18,1.02,,
101260,307.8767,74.9546,5.18,0.1,,
107230,325.7668,72.3201,5.18,1.06,,
117315,356.8166,-50.2265,5.18,-0.16,,Sigma Phe
11072,35.6356,-23.8163,5.19,0.61,,Kappa For
11220,36.1038,50.0065,5.19,0.98,,
23840,76.8918,-63.3997,5.19,1.65,,
28744,91.0563,-6.7089,5.19,-0.07,,
30717,96.8073,0.2992,5.19,1.19,,
39070,119.9064,-60.5871,5.19,1.76,,
42425,129.7715,-70.3867,5.19,0.01,,Theta Vol
43352,132.4646,-32.7805,5.19,0.88,,
51362,157.3696,-2.7391,5.19,-0.05,,Delta Sex
56583,174.0117,69.323,5.19,0.97,,
64792,199.1938,9.4242,5.19,0.58,,e Vir
73945,226.6567,-16.2568,5.19,1.59,Zuben Hakrabi,Nu Lib
77277,236.6667,62.5996,5.19,0.06,,
80874,247.7057,-61.6335,5.19,1.24,,
85312,261.5002,-50.6335,5.19,1.05,,Kappa Ara
99738,303.5605,28.6948,5.19,0.19,,
103294,313.9029,13.7215,5.19,1.12,,
105268,319.8426,64.8719,5.19,-0.04,,
111797,339.6627,63.5845,5.19,0.08,,
115125,349.7765,-13.4547,5.19,0.9,,
115404,350.6632,-15.0393,5.19,0.2,,
2355,7.5307,29.7516,5.2,0.27,,
2762,8.812,-3.5928,5.2,0.57,,
19949,64.1795,53.6118,5.2,0.05,,
21296,68.5485,-8.2314,5.2,1.71,,
27971,88.7409,59.8884,5.2,0.01,,
29650,93.712,19.1564,5.2,0.43,,
30932,97.3687,-56.8528,5.2,1.09,,
32104,100.6014,17.6453,5.2,0.06,,
33927,105.6033,24.2154,5.2,0.95,,Omega Gem
34081,106.0116,-42.3373,5.2,0.2,,C Pup
35146,108.9788,59.6375,5.2,1.08,,
36238,111.9348,21.4452,5.2,0.46,,
39961,122.3996,-44.1228,5.2,-0.17,,
42540,130.0799,-40.2639,5.2,-0.03,,
42679,130.4871,-45.4107,5.2,0.17,,
57047,175.4331,-32.4994,5.2,1.48,,
60189,185.1402,-22.2159,5.2,-0.09,,Zeta Crv
63901,196.4351,35.7989,5.2,-0.06,,
68269,209.6298,-24.9722,5.2,-0.09,,
80197,245.5893,33.7991,5.2,1.63,,ν1 CrB
90441,276.8021,0.1961,5.2,0.49,,d Ser
92226,281.9359,-40.4062,5.2,0.78,,Mu CrA
93017,284.2567,32.9013,5.2,0.59,,
93917,286.8566,32.5017,5.2,0.37,,
104174,316.6028,-32.3416,5.2,1.1,,
104214,316.7248,38.7494,5.2,1.07,,
115126,349.7778,-13.4586,5.2,0.79,,
5300,16.9494,-41.4869,5.21,0.16,,Upsilon Phe
5737,18.4329,7.5754,5.21,0.32,Revati,Zeta Psc
12484,40.1651,-54.5499,5.21,0.41,,Zeta Hor
19205,61.7519,29.0013,5.21,0.36,,Psi Tau
28296,89.7065,0.553,5.21,0.01,,
30457,96.043,-11.5301,5.21,1.23,,
30679,96.7036,58.4174,5.21,1.54,,
32064,100.4849,-9.1675,5.21,1.52,,
55756,171.3727,-36.0631,5.21,0.98,,
64725,198.9949,-19.9431,5.21,1.01,,
66098,203.242,-10.165,5.21,0.96,,h Vir
77578,237.5731,2.1965,5.21,1.02,,Omega Ser
85079,260.817,-47.4682,5.21,-0.1,,Iota Ara
111449,338.6735,-20.7082,5.21,0.45,,Upsilon Aqr
3505,11.185,-22.0061,5.22,0.35,,
9763,31.3815,76.1151,5.22,0.95,,
13874,44.6753,-2.7829,5.22,0.01,,
19799,63.651,10.0114,5.22,-0.09,,
21547,69.4005,-2.4735,5.22,0.28,,c Eri
23734,76.5352,58.9724,5.22,-0.08,,
25048,80.4517,41.8046,5.22,-0.13,,Rho Aur
31119,97.9512,11.5444,5.22,0.18,,
32562,101.9149,48.7895,5.22,1.13,,ψ6 Aur
33878,105.4849,-5.7221,5.22,1.69,,
36265,112.0086,6.942,5.22,0.22,,Eta CMi
38020,116.8813,-46.6085,5.22,-0.15,,
39061,119.8682,-39.2969,5.22,0.4,,
43970,134.3123,15.3228,5.22,0.15,,ο1 Cnc
54767,168.1884,-64.1698,5.22,-0.08,,
55831,171.6476,-61.1152,5.22,-0.08,,
58684,180.5283,43.0456,5.22,0.28,,
62267,191.4044,7.6733,5.22,0.32,,d2 Vir
70035,214.9646,-61.273,5.22,0.28,,
72290,221.7554,-52.3835,5.22,0.98,,b Lup
82216,251.9434,5.2467,5.22,-0.0,,l Her
92390,282.4171,-20.3247,5.22,1.4,,
92405,282.4705,32.5511,5.22,0.1,,Nu Lyr
95260,290.712,26.2624,5.22,-0.12,,
98583,300.3689,64.821,5.22,1.6,,e Dra
106093,322.3623,46.5406,5.22,0.96,,g Cyg
116076,352.8226,39.2362,5.22,1.03,Veritate,
6315,20.2807,28.7382,5.23,1.4,,l Psc
10306,33.2004,21.211,5.23,0.46,,Eta Ari
14456,46.6396,-6.0886,5.23,1.57,,
32292,101.1186,-31.0705,5.23,-0.13,,
35907,111.0353,40.6724,5.23,1.25,,
39970,122.4298,-47.9372,5.23,-0.2,,
43834,133.9153,27.9275,5.23,1.0,,ρ2 Cnc
44154,134.8861,32.4186,5.23,0.91,,σ3 Cnc
44337,135.4357,-52.1887,5.23,-0.12,,
44798,136.9367,10.6682,5.23,-0.09,,Kappa Cnc
48926,149.7178,-35.891,5.23,0.3,,Eta Ant
52701,161.6233,-64.2632,5.23,-0.08,,
53252,163.373,-20.1387,5.23,0.48,,b3 Hya
63076,193.869,65.4385,5.23,0.3,Taiyi,
72357,221.9367,-26.0875,5.23,0.94,,
76939,235.6596,-37.4249,5.23,0.99,,h Lup
79607,243.6702,33.8586,5.23,0.6,,Sigma CrB
82493,252.8905,-41.2305,5.23,0.05,,
82730,253.6487,-6.154,5.23,1.1,,
86036,263.7483,61.8746,5.23,0.6,,
94068,287.2496,6.0732,5.23,0.35,,
98636,300.506,24.938,5.23,0.37,,
950,2.9334,-35.1331,5.24,0.46,,Theta Scl
3949,12.6716,-50.9868,5.24,0.36,,Rho Phe
7981,25.624,20.2685,5.24,0.84,,
14043,45.2176,52.3517,5.24,-0.05,,
15371,49.5534,-62.5064,5.24,0.6,,ζ2 Ret
16803,54.0726,-17.4671,5.24,-0.12,,
17457,56.1271,-1.1631,5.24,-0.09,,
17717,56.9152,-23.8747,5.24,0.07,,τ7 Eri
17954,57.5789,25.5794,5.24,0.23,,
20384,65.4722,-63.3864,5.24,0.95,,Eta Ret
21297,68.549,-8.9703,5.24,1.47,,
25197,80.866,57.5444,5.24,-0.01,,
26268,83.9145,-4.8561,5.24,0.27,,
32480,101.6847,43.5774,5.24,0.57,,ψ5 Aur
35393,109.6396,-39.2103,5.24,0.03,,F Pup
36641,113.0248,1.9145,5.24,0.23,,δ1 CMi
42334,129.4673,-26.255,5.24,-0.03,,Eta Pyx
45344,138.602,-43.2275,5.24,-0.14,,z Vel
45527,139.1739,-6.3531,5.24,1.17,,
56779,174.615,8.1343,5.24,1.5,,Omega Vir
64348,197.8467,-43.3686,5.24,1.05,,
73909,226.5697,54.5563,5.24,0.96,,
79540,243.4621,-11.8377,5.24,1.39,,Chi Sco
80620,246.9311,-7.5979,5.24,1.72,,
80843,247.6398,20.4792,5.24,1.27,,s Her
90200,276.076,-44.1103,5.24,-0.16,,
98174,299.2763,-58.9014,5.24,0.01,,
101923,309.818,-14.9548,5.24,-0.13,,Tau Cap
103571,314.7713,4.2946,5.24,0.46,,
107128,325.5029,-23.2629,5.24,0.99,,
109572,332.9532,56.8394,5.24,0.53,,
112529,341.888,-19.6134,5.24,0.94,,
117089,356.0503,-18.2769,5.24,-0.08,,i1 Aqr
7955,25.5358,-32.327,5.25,1.04,,Pi Scl
10559,33.9845,33.3589,5.25,-0.0,,
13141,42.2562,-62.8065,5.25,0.1,,Nu Hor
25202,80.8757,-13.9274,5.25,-0.22,,
31165,98.0891,-37.6967,5.25,0.98,,
31688,99.4484,-32.3397,5.25,1.18,,
37921,116.5675,10.7683,5.25,0.02,,
39487,121.0675,-32.6748,5.25,1.88,,
50414,154.4075,-8.0689,5.25,0.34,,Epsilon Sex
51502,157.7694,82.5586,5.25,0.4,,
76534,234.4567,40.3534,5.25,0.89,Ceginus,Phi Boo
86305,264.523,-54.5004,5.25,0.2,,Pi Ara
88331,270.596,20.8336,5.25,-0.1,,
90067,275.7043,17.8266,5.25,1.25,,
92056,281.4449,74.0856,5.25,0.95,,
93903,286.8255,36.1002,5.25,-0.11,,Iota Lyr
104738,318.2628,-39.4249,5.25,0.46,,
112031,340.3694,40.2254,5.25,-0.14,,
113864,345.887,67.2092,5.25,1.25,,
13165,42.3232,17.4643,5.26,-0.07,Al Butain,Pi Ari
14293,46.0688,-7.6009,5.26,0.19,,ρ3 Eri
20261,65.1513,15.0955,5.26,0.23,,
20266,65.168,65.1404,5.26,0.82,,
27386,87.001,6.4542,5.26,0.23,,
31434,98.8003,28.0223,5.26,-0.01,,
45328,138.575,-55.5696,5.26,0.98,,
45631,139.5245,-51.0509,5.26,-0.06,,K Vel
48883,149.5557,12.4448,5.26,-0.04,,Nu Leo
49698,152.1781,-65.8154,5.26,0.97,,
53154,163.1285,-57.2404,5.26,0.13,,
56573,173.9816,-47.6416,5.26,0.26,,C2 Cen
56975,175.1961,21.3527,5.26,0.98,,
58082,178.6772,-25.7139,5.26,0.88,,
67703,208.0203,-52.8115,5.26,-0.08,,N Cen
69068,212.0721,49.4582,5.26,1.64,,
75828,232.3511,-46.7327,5.26,1.73,,
76425,234.1232,10.0102,5.26,0.93,,
80161,245.453,69.1094,5.26,1.11,,
93256,284.9395,26.2304,5.26,1.23,,
108924,330.9707,63.1199,5.26,1.56,,
6999,22.5254,47.0073,5.27,1.0,Thail,A And
9727,31.2809,77.2813,5.27,0.34,,
10320,33.227,-30.7238,5.27,-0.01,,Mu For
11738,37.8754,2.2672,5.27,1.27,,
11757,37.9189,-79.1094,5.27,0.98,,Mu Hyi
15627,50.3068,21.1471,5.27,-0.07,,Tau Ari
20641,66.3542,22.2,5.27,0.25,,
30073,94.9283,-7.8229,5.27,-0.18,,
32537,101.8392,-37.9297,5.27,-0.08,,x Pup
36760,113.402,15.8267,5.27,0.06,,
42129,128.8148,-58.2247,5.27,-0.13,,e1 Car
48682,148.9292,49.8198,5.27,0.09,,
50070,153.3452,-51.233,5.27,0.26,,
51313,157.2191,-64.1723,5.27,1.86,,
57477,176.7318,55.6282,5.27,1.28,,
62027,190.7094,-63.0586,5.27,0.2,,
65581,201.6799,-12.7077,5.27,1.48,,i Vir
72929,223.5839,-24.6422,5.27,1.34,,
80057,245.1119,-78.6675,5.27,1.41,,δ2 Aps
83313,255.4015,33.5683,5.27,0.03,,d Her
83431,255.7863,-53.237,5.27,0.5,,ε2 Ara
93203,284.7739,13.6222,5.27,0.57,,
99968,304.2304,40.3651,5.27,1.65,,
107843,327.7273,-82.7189,5.27,0.76,,Lambda Oct
109005,331.2521,62.7857,5.27,1.41,,
109693,333.2942,86.108,5.27,-0.03,,
116957,355.6159,-15.448,5.27,1.34,,
7650,24.6288,73.04,5.28,0.97,,
18453,59.1522,50.6954,5.28,0.42,,A Per
18788,60.3835,-1.5497,5.28,-0.13,,
22040,71.0881,-59.7327,5.28,0.21,,Kappa Dor
23871,76.9517,20.4184,5.28,0.12,,l Tau
26460,84.4359,-28.6897,5.28,0.49,,ν2 Col
27364,86.9288,13.8996,5.28,-0.16,,
29048,91.9235,-19.1659,5.28,1.66,,
30953,97.4544,-50.2391,5.28,0.37,,
32492,101.7129,-14.426,5.28,-0.02,,
32921,102.8877,21.7611,5.28,-0.02,,d Gem
41003,125.5186,-73.4,5.28,0.01,,Eta Vol
43142,131.8124,-1.897,5.28,0.06,,
45455,138.9574,56.7414,5.28,1.57,,
45581,139.3549,-74.8943,5.28,0.02,,
47300,144.5907,40.2398,5.28,0.22,,
57371,176.4332,-45.6901,5.28,-0.12,,
58587,180.2132,-19.659,5.28,-0.19,,
60122,184.953,48.9841,5.28,1.62,,
74596,228.6215,29.1643,5.28,0.06,,Chi Boo
80645,246.9889,-64.0579,5.28,0.38,,Iota TrA
81437,249.5019,56.0155,5.28,1.05,,
85389,261.7166,-45.843,5.28,-0.06,,
91014,278.4907,-33.0166,5.28,-0.12,,
94834,289.4542,11.5954,5.28,0.2,,ω1 Aql
96957,295.6417,11.8266,5.28,0.57,,Chi Aql
98103,299.0594,11.4237,5.28,0.01,,Phi Aql
100195,304.8484,-19.1185,5.28,1.39,,Sigma Cap
110618,336.1537,-72.2554,5.28,0.66,,Nu Ind
117218,356.5038,-18.6783,5.28,0.3,,i2 Aqr
814,2.5091,-82.224,5.29,1.05,,γ3 Oct
983,3.0416,-17.9383,5.29,1.48,,
8209,26.4115,-25.0526,5.29,0.4,,Epsilon Scl
9312,29.9085,64.6216,5.29,0.0,,
10793,34.7375,28.6427,5.29,0.04,,
11021,35.4859,0.3957,5.29,1.65,,
11486,37.0416,29.6693,5.29,0.31,,
19719,63.3879,7.716,5.29,0.37,,
20704,66.5263,31.4389,5.29,0.99,,
22287,72.0011,56.7572,5.29,0.25,,
24873,79.9959,-12.3156,5.29,-0.1,,Nu Lep
26868,85.5633,-34.6678,5.29,-0.03,,
27947,88.7087,-52.6355,5.29,0.29,,
33316,103.9455,-22.9414,5.29,-0.16,,
35427,109.7136,-26.5859,5.29,0.96,,
48390,147.971,24.3954,5.29,0.23,,g Leo
60904,187.2279,25.9129,5.29,-0.06,,
69612,213.7119,10.1006,5.29,1.01,,
89439,273.8038,-20.7283,5.29,0.01,,
92824,283.6964,-87.6058,5.29,1.3,,Chi Oct
105898,321.7151,48.8352,5.29,0.11,,
106327,323.0245,-41.1793,5.29,1.11,,Xi Gru
107472,326.5182,22.9489,5.29,1.38,,
108991,331.1976,-0.9063,5.29,0.23,,
3231,10.2799,39.4587,5.3,0.89,,
12225,39.3515,-52.5431,5.3,0.29,,Eta Hor
12489,40.1711,27.0609,5.3,0.08,Barani,
16499,53.1094,46.0569,5.3,0.4,,
21914,70.6934,-50.4813,5.3,0.98,,Lambda Pic
21928,70.7264,43.3651,5.3,0.03,,
23467,75.6792,-71.3143,5.3,1.0,,Beta Men
32411,101.4975,-14.7961,5.3,0.07,,
34802,108.0659,-40.4988,5.3,0.07,,E Pup
37704,116.0288,25.7842,5.3,1.53,,c Gem
38962,119.5861,2.2248,5.3,0.93,,
39780,121.9411,21.5818,5.3,0.64,,Mu Cnc
43305,132.3405,-3.443,5.3,-0.08,,
45290,138.4509,43.2178,5.3,-0.13,,
47479,145.1773,-57.9836,5.3,0.2,,
49809,152.5245,-12.8159,5.3,0.37,,
56034,172.2672,39.337,5.3,0.02,,
85084,260.84,-28.1428,5.3,1.55,,
89773,274.7945,24.4461,5.3,1.51,,
96808,295.1808,-16.2933,5.3,1.11,,e1 Sgr
98421,299.964,-34.6978,5.3,0.17,,θ2 Sgr
99951,304.1962,24.6711,5.3,0.95,,
100541,305.7946,5.343,5.3,0.98,,
103511,314.5681,22.3259,5.3,1.42,,
103569,314.7687,4.2935,5.3,0.46,,Epsilon Equ
104365,317.1401,-21.1937,5.3,0.0,,Chi Cap
105942,321.839,37.1168,5.3,-0.14,,
107151,325.5644,5.6801,5.3,1.65,,
114200,346.9136,46.3872,5.3,1.41,,
116820,355.159,-32.0731,5.3,0.96,,Mu Scl
117730,358.1546,10.9473,5.3,0.19,,
10366,33.4014,51.0658,5.31,0.93,,
10819,34.82,47.38,5.31,0.01,,c And
27243,86.6141,-46.5972,5.31,1.04,,
37701,116.0174,50.4338,5.31,-0.0,,
43671,133.4608,-47.5208,5.31,0.28,,
45544,139.2378,-39.4015,5.31,1.17,,
55016,168.9662,13.3076,5.31,1.19,,n Leo
56997,175.2626,34.2016,5.31,0.72,,
57562,176.9788,8.2459,5.31,0.04,,A1 Vir
59654,183.5112,-45.7239,5.31,1.4,,D Cen
64577,198.5454,-19.9309,5.31,0.86,,
80945,247.924,-41.8171,5.31,0.3,,
85667,262.5992,-1.0629,5.31,0.71,,
94150,287.4703,-68.4244,5.31,0.9,,
104974,318.9368,-15.1715,5.31,1.64,,
110649,336.235,-57.7974,5.31,0.67,,
5518,17.6638,68.7786,5.32,-0.01,,
14168,45.6761,-7.6855,5.32,0.94,,ρ2 Eri
15770,50.805,49.2133,5.32,-0.08,,
18957,60.9359,5.4356,5.32,-0.08,,
21515,69.307,0.9983,5.32,-0.11,,
26126,83.5699,3.7669,5.32,0.05,,n2 Ori
38146,117.257,-24.9122,5.32,0.75,,
41260,126.2656,-24.0462,5.32,1.48,,
52911,162.3143,10.5452,5.32,0.04,,l Leo
57111,175.6182,66.7449,5.32,1.27,,
60449,185.8976,-35.4127,5.32,-0.07,,x1 Cen
65479,201.308,-64.4851,5.32,0.41,,
72489,222.3294,-14.149,5.32,0.07,,Mu Lib
73049,223.9363,-33.8558,5.32,0.05,,
74649,228.7973,4.9394,5.32,1.09,,
80208,245.6166,-49.5724,5.32,-0.05,,
84177,258.1159,10.5852,5.32,1.59,,
97749,297.9609,-39.8744,5.32,-0.04,,
98624,300.4686,-66.944,5.32,1.22,,μ2 Pav
99461,302.7997,-36.1012,5.32,0.87,,
103882,315.7415,-38.6314,5.32,0.42,,Zeta Mic
112781,342.5951,-80.1238,5.32,-0.13,,Xi Oct
5131,16.4206,21.4732,5.33,0.0,,ψ1 Psc
20161,64.8196,-44.2679,5.33,1.07,,
22730,73.3449,2.5082,5.33,1.63,,
22834,73.6991,7.7791,5.33,1.21,,
23879,76.9704,8.4984,5.33,0.34,,i Ori
39734,121.8252,-20.5543,5.33,0.1,,
40817,124.954,-71.5149,5.33,-0.06,,κ1 Vol
41616,127.2698,-47.9289,5.33,-0.14,,A Vel
41822,127.8989,18.0944,5.33,1.57,,Theta Cnc
41909,128.1771,20.4412,5.33,1.25,,Eta Cnc
52678,161.569,-64.5146,5.33,-0.1,,
64823,199.3151,13.6758,5.33,1.3,,
90074,275.7212,-36.6696,5.33,-0.12,,
93124,284.5614,17.3609,5.33,0.73,,
97421,297.005,-56.3626,5.33,0.2,,Nu Tel
98438,300.0138,17.5165,5.33,1.58,,
109786,333.5751,-21.0746,5.33,0.81,,
116264,353.3671,22.4988,5.33,1.48,,
9440,30.3113,-30.0018,5.34,0.88,,Pi For
13490,43.4276,38.3375,5.34,0.42,,
17563,56.4185,6.05,5.34,-0.1,,u Tau
20186,64.9029,21.7735,5.34,-0.11,,
24817,79.7967,2.5958,5.34,0.41,,
25980,83.1723,-1.5918,5.34,-0.19,,
26001,83.2482,-64.2275,5.34,1.04,,
29704,93.8547,16.1432,5.34,-0.1,,f2 Ori
30247,95.4422,53.4522,5.34,0.45,,
31789,99.7049,39.9026,5.34,-0.07,,ψ3 Aur
32489,101.7063,57.1692,5.34,0.96,,
33048,103.271,59.4485,5.34,0.68,,
36896,113.7867,30.9609,5.34,1.01,,
40215,123.2033,68.4741,5.34,1.04,,
43414,132.6451,-66.793,5.34,0.42,,
46107,141.0384,-80.7869,5.34,0.45,,Iota Cha
50888,155.8721,-38.0098,5.34,0.25,,
58884,181.162,-68.3289,5.34,-0.01,,
59184,182.0613,-48.6925,5.34,-0.01,,E Cen
63117,193.9881,-56.8358,5.34,0.01,,
70469,216.2026,-24.8063,5.34,0.96,,
76866,235.4476,12.8475,5.34,0.03,,Chi Ser
82587,253.2419,31.7017,5.34,0.32,,
96288,293.6719,42.4125,5.34,0.06,,
103127,313.4174,-39.8099,5.34,1.32,,
107788,327.5362,17.2859,5.34,0.39,,
109654,333.1993,34.6046,5.34,1.13,,
110000,334.2002,-12.8314,5.34,1.13,,
113327,344.2688,48.6841,5.34,-0.1,,
3951,12.6817,64.2475,5.35,0.53,,
4371,14.0062,-11.2665,5.35,1.5,,φ3 Cet
6706,21.5636,19.1723,5.35,0.4,,Rho Psc
22157,71.5073,11.7056,5.35,0.2,,
28946,91.6462,38.4826,5.35,0.25,,
29246,92.4959,58.9357,5.35,1.1,,
35957,111.1827,-31.8089,5.35,1.07,,
36439,112.4832,49.6725,5.35,0.47,,
42604,130.2545,45.834,5.35,0.99,,
46811,143.0803,-40.6493,5.35,0.9,,
66936,205.7655,3.5379,5.35,1.09,,
75119,230.2583,0.7153,5.35,1.19,,
77907,238.6577,43.1386,5.35,1.65,,
79050,242.0316,-26.3267,5.35,1.64,,
80782,247.4264,-46.2432,5.35,0.49,,
82802,253.8424,18.4332,5.35,1.41,,
86182,264.1569,48.5856,5.35,1.14,,y Her
92953,284.0706,-42.7107,5.35,1.0,,
94385,288.1696,-7.9395,5.35,0.09,,
110273,335.0497,-7.8211,5.35,-0.05,,Rho Aqr
115355,350.4789,31.8125,5.35,-0.1,,
116709,354.7847,50.4717,5.35,-0.06,,
3138,9.9815,21.4385,5.36,1.16,,
3632,11.6373,15.4755,5.36,1.56,,
5268,16.8278,-61.7753,5.36,0.88,,Iota Tuc
11258,36.2246,-60.3119,5.36,0.4,,Lambda Hor
11791,38.0393,-1.0349,5.36,1.0,,
18993,61.0411,2.8269,5.36,0.51,,
21730,69.992,53.473,5.36,0.33,,
26063,83.381,-1.1561,5.36,-0.17,,
27658,87.8416,-7.518,5.36,-0.2,,
29490,93.2128,65.7184,5.36,1.34,,
29996,94.7108,-9.39,5.36,1.24,,
34987,108.5836,3.1114,5.36,1.19,,
35083,108.8378,-30.6864,5.36,-0.15,,
37853,116.3959,-34.1724,5.36,0.59,,
38846,119.2408,-43.5004,5.36,-0.17,,
40107,122.8875,-7.7725,5.36,0.89,,
45410,138.8077,14.9415,5.36,1.32,,Pi Cnc
47723,145.9329,14.0217,5.36,1.61,,Psi Leo
52405,160.669,-59.2158,5.36,0.21,,
52638,161.4662,30.6823,5.36,-0.05,,
58510,179.9871,3.6552,5.36,-0.0,,b Vir
65301,200.7546,-17.7353,5.36,0.99,,
72131,221.3222,-62.8756,5.36,0.31,,
75439,231.1875,-39.7103,5.36,-0.09,,Upsilon Lup
76628,234.7273,-19.3019,5.36,0.88,,
84821,260.041,25.5376,5.36,0.06,,
89605,274.2814,-56.0234,5.36,-0.05,,
92989,284.1687,-37.3432,5.36,-0.15,,
102599,311.8894,80.5523,5.36,1.14,,
110109,334.5651,-53.6271,5.36,0.61,,
116889,355.3937,-18.0271,5.36,1.58,,A1 Aqr
8230,26.4969,-5.7333,5.37,1.52,,
23482,75.7029,-49.1514,5.37,0.42,,η1 Pic
26248,83.863,24.0396,5.37,-0.09,,
28949,91.6614,-4.1938,5.37,-0.12,,
29730,93.9189,59.999,5.37,1.34,,
30565,96.3693,-69.6903,5.37,0.97,,π2 Dor
35848,110.8708,-27.8343,5.37,1.54,,
35987,111.2424,11.6695,5.37,0.1,,
39117,120.0489,73.9179,5.37,1.42,,
49081,150.2527,31.9237,5.37,0.68,,
54746,168.1377,-49.101,5.37,0.17,,
60978,187.4889,58.4057,5.37,0.2,,
63432,194.9795,66.5973,5.37,1.28,,
73223,224.4708,-76.6627,5.37,1.44,,
79804,244.3139,59.755,5.37,1.55,,
80337,246.0054,-39.193,5.37,0.62,,
88380,270.7129,-24.2825,5.37,0.49,,
90763,277.7702,-32.9891,5.37,0.18,,
92111,281.5859,-22.3922,5.37,1.59,,
92112,281.5926,75.434,5.37,0.05,,
109404,332.4821,-34.015,5.37,0.24,,
109592,333.0084,60.7591,5.37,1.18,,
110298,335.1149,5.7895,5.37,-0.04,,
113957,346.1651,-53.9649,5.37,1.45,,Kappa Gru
1645,5.1494,8.1903,5.38,1.34,,d Psc
1960,6.1979,61.8311,5.38,0.01,,
2568,8.1479,20.2943,5.38,1.07,,
3330,10.6182,-65.468,5.38,0.52,,Rho Tuc
12086,38.945,34.6876,5.38,1.65,,
18859,60.6531,-0.2689,5.38,0.52,,
20264,65.1626,-20.6396,5.38,-0.03,,
20430,65.6456,25.6293,5.38,-0.04,,Chi Tau
21670,69.7757,7.871,5.38,0.26,,
24799,79.7501,33.7484,5.38,-0.17,,
35589,110.1617,-52.0859,5.38,-0.07,,
38722,118.9162,19.884,5.38,-0.04,,
45571,139.3218,-68.6896,5.38,0.41,,
46404,141.9449,-6.0712,5.38,0.64,,
60379,185.706,-57.6761,5.38,-0.1,,
60781,186.8702,-58.9918,5.38,1.54,,
62572,192.3069,83.4129,5.38,0.03,,
66849,205.5045,-58.7871,5.38,-0.03,,
70931,217.5873,-49.519,5.38,0.06,,
73095,224.0719,-52.8095,5.38,0.14,,c Lup
75178,230.4524,32.9337,5.38,-0.05,,
77858,238.4746,-24.5332,5.38,-0.01,,
84862,260.1649,32.4677,5.38,0.62,,w Her
90642,277.4207,-1.9853,5.38,0.96,,c Ser
91013,278.4862,52.3535,5.38,1.09,,
91217,279.116,9.1225,5.38,0.39,,
92202,281.8706,-5.7051,5.38,1.28,,
94712,289.0906,-45.466,5.38,1.35,,
97650,297.6949,-10.7635,5.38,0.4,,
99031,301.5907,35.9725,5.38,0.85,,b1 Cyg
100965,307.0608,81.4227,5.38,1.01,,
103732,315.2955,46.1558,5.38,-0.21,,
105665,321.04,-20.8519,5.38,1.18,,
109521,332.7912,50.8234,5.38,0.15,,
4890,15.705,-46.3973,5.39,0.9,,
13202,42.4758,-27.942,5.39,0.01,,γ2 For
18396,58.9924,47.8714,5.39,-0.07,,
19513,62.7078,26.481,5.39,0.35,,p Tau
22044,71.1076,11.1461,5.39,0.25,,
23221,74.9602,-10.2633,5.39,0.8,,
29850,94.2776,9.9424,5.39,0.11,,l Ori
32494,101.7195,-51.2657,5.39,1.33,,
32677,102.2406,-15.1447,5.39,-0.1,,
39538,121.1961,79.4796,5.39,-0.04,,
46735,142.885,35.1033,5.39,1.54,,
55650,171.0097,1.4078,5.39,0.94,,
56391,173.405,-40.5866,5.39,0.12,,
71500,219.334,-46.1334,5.39,0.93,,a Lup
71618,219.7093,44.4045,5.39,0.03,,
77227,236.5235,-1.8042,5.39,-0.04,,A2 Ser
78459,240.2611,33.3035,5.39,0.61,,Rho CrB
79195,242.4605,-3.4667,5.39,1.45,,
82764,253.7299,20.9585,5.39,0.97,,
84979,260.5245,-70.1232,5.39,-0.04,,Iota Aps
89851,275.0366,-15.8317,5.39,1.47,,
93299,285.057,50.5335,5.39,-0.18,,
96302,293.7122,29.463,5.39,0.58,,
97534,297.3554,-72.5034,5.39,0.23,,
101483,308.4877,13.0273,5.39,0.09,,Eta Del
105966,321.9169,27.6086,5.39,0.05,,
114389,347.5061,9.8221,5.39,-0.07,,
4914,15.7606,-4.8366,5.4,1.11,,
12653,40.6394,-50.8003,5.4,0.56,,Iota Hor
17854,57.3072,70.871,5.4,0.1,,
20376,65.4485,60.7356,5.4,1.5,,
21036,67.6557,13.7244,5.4,0.26,,
25499,81.7921,17.9622,5.4,-0.09,,
26536,84.6587,30.4924,5.4,0.45,,
31579,99.1368,38.4455,5.4,2.77,,
35795,110.7529,-31.9238,5.4,-0.16,,
43721,133.5614,30.5791,5.4,1.05,,
46454,142.1142,9.0568,5.4,0.6,,Omega Leo
46471,142.1666,45.6015,5.4,0.99,Intercrus,
47080,143.9146,35.8101,5.4,0.77,,
54849,168.4398,-0.0695,5.4,-0.02,,p5 Leo
65728,202.1129,59.9458,5.4,-0.01,,
70602,216.614,19.2269,5.4,0.23,,f Boo
76013,232.8784,-73.3896,5.4,-0.15,,κ1 Aps
80214,245.6217,33.7035,5.4,1.52,,ν2 CrB
80399,246.1657,-29.7047,5.4,0.62,,
91989,281.2382,-39.6862,5.4,0.85,,
93526,285.7271,-3.699,5.4,-0.01,,g Aql
93713,286.2299,53.3967,5.4,-0.01,,
93717,286.2403,-4.0314,5.4,1.12,,h Aql
98962,301.387,61.9954,5.4,1.19,,
105143,319.4887,-17.9851,5.4,-0.12,,
930,2.8934,-27.7997,5.41,1.35,,κ2 Scl
3544,11.3216,55.2214,5.41,0.02,,
7450,23.9957,-15.4002,5.41,1.23,,
32912,102.8624,-70.9634,5.41,-0.11,,Iota Vol
34301,106.6699,-11.294,5.41,0.03,,
35855,110.8829,-32.2021,5.41,-0.17,,
36363,112.2737,-38.8121,5.41,-0.15,,y Pup
37450,115.3159,-38.5335,5.41,-0.13,,
61621,189.4262,-27.1389,5.41,0.33,,
67288,206.8558,-17.8598,5.41,1.62,,
69989,214.8178,13.0043,5.41,0.39,,
77060,236.0183,-15.6728,5.41,0.24,,Eta Lib
77859,238.4828,-23.9781,5.41,-0.03,,
80693,247.1416,0.665,5.41,1.46,,
83838,257.0086,35.9352,5.41,0.31,,c Her
85537,262.2069,0.3306,5.41,0.24,,
89772,274.7897,7.2598,5.41,1.08,,
90023,275.5363,23.2852,5.41,1.63,,
91235,279.1556,33.469,5.41,-0.1,,
96693,294.8604,42.8183,5.41,-0.06,,
97646,297.6867,-59.1937,5.41,0.08,,
102177,310.5526,50.34,5.41,-0.11,,
102773,312.3257,-68.7765,5.41,1.12,,Sigma Pav
104750,318.3222,-27.6193,5.41,1.43,,
761,2.3378,-27.9879,5.42,0.41,,κ1 Scl
2240,7.1105,-39.915,5.42,1.56,,
3721,11.9419,74.8476,5.42,-0.07,,
5951,19.1512,-2.5004,5.42,0.89,,
6592,21.1699,-41.4925,5.42,1.03,,
8814,28.3223,40.7298,5.42,1.31,,
9589,30.7985,0.1285,5.42,0.15,,
11046,35.5517,-0.8849,5.42,0.34,,
20776,66.7623,80.8242,5.42,1.18,,
31299,98.4562,-36.232,5.42,1.42,,
32311,101.1894,28.9709,5.42,1.45,,
36778,113.4627,-36.3384,5.42,-0.08,,z Pup
41817,127.8788,-19.5775,5.42,-0.06,,
44818,137.0002,29.6542,5.42,0.89,,Tau Cnc
50333,154.1697,13.7283,5.42,1.65,,
57512,176.8298,-57.6965,5.42,1.66,,
61309,188.4122,33.2476,5.42,1.01,,
62223,191.2826,45.4403,5.42,2.99,La Superba,
70794,217.1738,-6.9005,5.42,1.49,,
80390,246.1323,-37.566,5.42,-0.1,,
91494,279.8965,-43.1859,5.42,1.65,,
101800,309.4547,11.3777,5.42,0.05,,Iota Del
105972,321.9423,66.8091,5.42,-0.1,,
114273,347.1705,2.1279,5.42,0.91,,A Psc
9326,29.9425,-20.8245,5.43,1.64,,
9372,30.1118,-8.5239,5.43,1.39,,
11029,35.5064,-10.7775,5.43,0.36,,
12768,41.0215,44.297,5.43,0.9,,
23983,77.3318,9.8296,5.43,0.25,,h Ori
25769,82.5425,63.0672,5.43,1.7,,
31121,97.9586,-8.1582,5.43,1.37,,
43082,131.6273,-45.9125,5.43,0.24,,
43908,134.1708,-85.6632,5.43,0.31,,Zeta Oct
47956,146.586,-76.7761,5.43,0.9,,Nu Cha
51585,158.0491,14.1373,5.43,1.7,,
54173,166.2258,-35.8047,5.43,0.02,,
54477,167.1833,-28.0807,5.43,0.07,,
62423,191.8931,66.7903,5.43,1.57,Tianyi,
74941,229.7048,-60.4963,5.43,-0.09,,
76618,234.7061,-52.3727,5.43,0.01,,
78012,238.9483,37.947,5.43,0.35,,Lambda CrB
78246,239.6453,-24.8315,5.43,-0.09,,
79387,243.0305,-8.5476,5.43,0.12,,
83962,257.4498,-10.5233,5.43,0.47,,
87728,268.7965,72.0051,5.43,0.34,,
91237,279.1628,6.6718,5.43,0.39,,
92614,283.0685,21.4251,5.43,-0.07,,
108661,330.2093,-28.4537,5.43,-0.1,,Eta PsA
109472,332.6562,-11.5649,5.43,-0.12,,e Aqr
112731,342.443,55.9028,5.43,1.17,,
112832,342.759,-39.1568,5.43,1.44,,
113521,344.8644,0.9629,5.43,0.98,,
117447,357.209,62.2145,5.43,0.67,,
4510,14.459,28.9922,5.44,1.08,,h Psc
13782,44.349,-23.8622,5.44,0.24,,
15547,50.0823,77.7347,5.44,0.21,,
17776,57.0867,23.4212,5.44,-0.07,,
19483,62.5938,-6.9239,5.44,0.94,,
24254,78.0936,73.9467,5.44,-0.11,,
24829,79.8422,-50.606,5.44,0.52,,Zeta Pic
26649,84.9577,-32.6292,5.44,0.91,,
29736,93.9374,12.5511,5.44,0.01,,
32439,101.559,79.5648,5.44,0.53,,
33184,103.6028,-1.127,5.44,0.17,,
34724,107.8484,-0.3019,5.44,0.31,,
38497,118.2646,-36.3638,5.44,1.16,,
43851,133.9815,11.626,5.44,1.46,,
43932,134.2358,32.9104,5.44,0.18,,σ2 Cnc
47204,144.3027,-53.6685,5.44,0.14,,
52737,161.7169,-17.2969,5.44,0.11,,b1 Hya
58379,179.5634,-56.3173,5.44,-0.06,,
64094,197.0298,-65.306,5.44,-0.03,,Theta Mus
76397,234.0504,-44.3968,5.44,1.5,,
78893,241.582,67.8101,5.44,-0.02,,
79963,244.8235,-42.674,5.44,0.1,,Lambda Nor
87847,269.1989,-4.0818,5.44,1.16,,
90414,276.7251,-48.1172,5.44,0.85,,
99631,303.3078,-1.0093,5.44,1.43,,
101243,307.8284,49.2203,5.44,1.57,Ruchba,ω2 Cyg
113996,346.2908,-7.6938,5.44,0.31,,h Aqr
115152,349.8742,48.6253,5.44,1.01,,
2942,9.3384,35.3995,5.45,0.89,,
3083,9.7912,49.3546,5.45,1.64,,
4293,13.7513,-69.5271,5.45,1.09,,λ2 Tuc
12332,39.7041,21.9614,5.45,0.17,,Nu Ari
14376,46.3612,25.2552,5.45,-0.03,,
17489,56.2009,24.2895,5.45,-0.03,Celaeno,
18975,60.9859,8.1973,5.45,0.37,,
19398,62.3243,-16.3859,5.45,-0.15,,
19805,63.7023,-62.1918,5.45,1.11,,
21735,70.0142,12.1976,5.45,-0.12,,
25993,83.2142,-38.5134,5.45,1.22,,
33384,104.1436,-79.4202,5.45,0.04,,Theta Men
33478,104.3913,-24.6308,5.45,0.39,,
36616,112.9517,17.086,5.45,1.13,,
41323,126.4663,-42.1531,5.45,-0.14,,
42286,129.3285,-62.8535,5.45,1.01,,
42459,129.8493,-53.4398,5.45,-0.13,,
44405,135.6844,24.4529,5.45,-0.04,,Nu Cnc
46594,142.5213,-51.5172,5.45,-0.08,,
53273,163.4321,-2.1292,5.45,0.97,,p1 Leo
59394,182.766,-23.6024,5.45,0.06,,
60855,187.0936,-39.0412,5.45,-0.07,,u Cen
63031,193.745,-85.1234,5.45,0.99,,Iota Oct
73624,225.747,-32.6433,5.45,-0.13,,
74305,227.8166,-55.346,5.45,1.12,,
77902,238.6442,20.311,5.45,1.59,,
79754,244.1803,-53.8111,5.45,1.7,,
89507,273.9727,-44.2065,5.45,0.96,,
95503,291.3736,-23.9625,5.45,1.44,,χ3 Sgr
96556,294.4472,-4.6476,5.45,0.43,,
104382,317.1952,-88.9565,5.45,0.28,Polaris Australis,Sigma Oct
108294,329.0949,-37.2537,5.45,0.08,,
109789,333.5781,-27.7669,5.45,-0.12,,Lambda PsA
111056,337.4707,78.8243,5.45,0.09,Al Kalb al Rai,Rho Cep
113357,344.3666,20.7688,5.45,0.67,Helvetios,
4288,13.7421,23.6283,5.46,1.01,,
19009,61.0903,24.106,5.46,0.81,,
20156,64.8052,50.0487,5.46,0.23,,
21685,69.8321,-14.3592,5.46,1.05,,
24902,80.0611,41.0862,5.46,0.12,,
25768,82.5395,-47.0777,5.46,0.61,,
25861,82.8106,3.2921,5.46,-0.18,,n1 Ori
27196,86.4752,49.8263,5.46,0.03,,Omicron Aur
27566,87.5699,-79.3614,5.46,-0.08,,Kappa Men
28943,91.6337,-23.1108,5.46,0.06,,
34624,107.5805,-27.4915,5.46,1.0,,
34912,108.3475,51.4287,5.46,1.64,,
35180,109.0606,-15.5857,5.46,0.08,,
42637,130.3313,-78.9634,5.46,-0.1,,Eta Cha
46358,141.7763,-71.6019,5.46,1.08,,
46741,142.9011,-73.0809,5.46,1.56,,H Car
52595,161.318,-80.4696,5.46,0.96,,δ1 Cha
56290,173.0864,61.0825,5.46,0.52,,
56700,174.3916,-47.7473,5.46,1.23,,C3 Cen
62131,191.0022,-28.324,5.46,1.35,,
63066,193.831,-42.9157,5.46,1.67,,
66634,204.8769,52.9212,5.46,0.11,,
67304,206.9106,-50.3207,5.46,1.35,,
68940,211.6784,-9.3135,5.46,0.35,,
75572,231.5724,34.336,5.46,1.41,,
75647,231.8255,-36.7676,5.46,-0.15,,
79488,243.3143,5.0211,5.46,1.47,,
81305,249.094,-42.8589,5.46,0.34,,
82676,253.5077,-41.8064,5.46,0.18,,
92308,282.2104,-43.68,5.46,0.13,,η1 CrA
92831,283.7174,41.6027,5.46,1.03,,
94827,289.4318,23.0255,5.46,0.02,,
95073,290.1487,-0.8922,5.46,-0.04,,d Aql
95865,292.4674,-26.9856,5.46,1.12,,
96536,294.3934,-14.3018,5.46,0.5,,
98194,299.3078,40.3678,5.46,-0.09,,
106787,324.4393,19.3186,5.46,0.32,,
4104,13.1693,-24.0058,5.47,1.27,,
13965,44.9575,47.2207,5.47,0.87,,
16470,53.0358,48.0235,5.47,-0.1,,
20982,67.5015,83.3404,5.47,0.85,,
21039,67.662,15.6919,5.47,0.26,,
22626,73.0217,63.5054,5.47,1.56,,
22871,73.7967,-74.9369,5.47,1.52,,Eta Men
25695,82.3188,25.1502,5.47,-0.04,,
27338,86.8592,17.7291,5.47,0.3,,
34440,107.0918,15.9307,5.47,1.02,,
38639,118.6779,47.5646,5.47,1.46,,
42080,128.6505,65.1452,5.47,0.21,,A UMa
43325,132.4132,-40.3202,5.47,0.07,,h Vel
44961,137.3982,-8.7876,5.47,1.0,,
52004,159.3628,-58.7333,5.47,0.5,,
53781,165.0613,45.5263,5.47,1.47,,
60044,184.7083,75.1606,5.47,0.05,,
60941,187.3627,24.1089,5.47,0.45,,
61071,187.7523,24.5672,5.47,0.06,Kissin,
65112,200.1576,-52.7478,5.47,-0.12,,
68581,210.5949,-27.4298,5.47,1.33,,
72582,222.6235,37.272,5.47,1.03,,
78400,240.0816,-16.5334,5.47,0.52,,
84720,259.766,-46.6362,5.47,0.76,,
87747,268.855,26.05,5.47,0.34,,
89042,272.609,-62.0022,5.47,0.59,,Iota Pav
89290,273.3029,-41.3361,5.47,-0.15,,
90133,275.9019,-75.0443,5.47,0.04,,Phi Oct
90913,278.1805,-14.8657,5.47,2.0,,
90923,278.2082,30.5542,5.47,-0.08,,
102014,310.0826,-33.4318,5.47,1.12,,
103145,313.4746,33.4379,5.47,1.52,,
106044,322.1872,-69.5054,5.47,1.55,,
110725,336.5034,70.7709,5.47,1.22,,
110936,337.1634,-39.1318,5.47,0.96,,Nu Gru
11249,36.2044,10.6106,5.48,-0.1,,Xi Ari
13265,42.6684,-35.6758,5.48,1.26,,η3 For
18141,58.1736,-5.3613,5.48,-0.09,,
24679,79.4177,-13.5198,5.48,0.93,,
30214,95.353,-11.7732,5.48,0.0,,
38048,116.9863,-12.1927,5.48,0.48,,
38593,118.5459,-35.8773,5.48,-0.17,,
42712,130.5675,-48.0991,5.48,-0.17,,
44613,136.3504,48.5303,5.48,0.47,,
56802,174.6667,-13.2019,5.48,0.52,,Iota Crt
61318,188.4448,-9.4521,5.48,-0.04,,q Vir
72664,222.8602,59.294,5.48,1.37,,
73133,224.1921,-11.4097,5.48,1.49,,ξ2 Lib
76957,235.7115,52.3609,5.48,-0.04,,
79280,242.7064,75.8776,5.48,-0.09,,
80008,244.9798,39.7086,5.48,0.41,,
82135,251.6998,-39.377,5.48,0.97,,
82402,252.5808,7.2477,5.48,0.11,,k Her
82960,254.2966,-33.2595,5.48,1.61,,
102497,311.5836,-39.1993,5.48,-0.08,,
103094,313.3274,45.1817,5.48,1.09,,
105668,321.0479,-12.8781,5.48,0.3,,
105767,321.3207,-3.5567,5.48,1.45,,
3607,11.549,-22.5221,5.49,0.98,,
7213,23.2336,-36.8652,5.49,1.02,,
8240,26.5249,-50.8163,5.49,1.61,,
14417,46.5327,79.4185,5.49,1.57,,
15338,49.4473,44.025,5.49,-0.06,,
18434,59.1195,35.0809,5.49,-0.06,,
22263,71.9012,-16.9345,5.49,0.63,,
27517,87.4023,-14.4837,5.49,0.87,,
29150,92.2411,-22.4274,5.49,-0.01,,
37901,116.5091,-6.7725,5.49,1.38,,
42715,130.5791,-53.1001,5.49,-0.13,,
45526,139.1724,-8.7448,5.49,-0.08,,
46578,142.4771,-26.5896,5.49,1.34,,
50303,154.0601,29.3105,5.49,0.02,,
52689,161.6053,14.1946,5.49,0.91,,k Leo
61136,187.918,-59.4239,5.49,0.62,,
61724,189.7805,21.0626,5.49,0.98,,
79672,243.9053,-8.3694,5.49,0.65,,
88836,272.0093,36.4013,5.49,1.16,,
89369,273.5663,-21.7132,5.49,1.53,,
91004,278.4729,-24.0323,5.49,1.79,,
93667,286.1044,-31.0471,5.49,0.03,,
97063,295.8897,-15.4701,5.49,0.46,,
103401,314.2251,-9.6975,5.49,1.47,,
110078,334.4608,-77.5116,5.49,0.31,,Psi Oct
116611,354.4867,18.4007,5.49,0.01,,
117375,356.9856,-2.7616,5.49,0.94,,
1647,5.1627,-69.6249,5.5,-0.05,,Pi Tuc
4852,15.6101,-31.552,5.5,0.08,,Sigma Scl
4889,15.7046,31.8043,5.5,-0.04,,Sigma Psc
6732,21.6737,19.2404,5.5,1.11,,
9570,30.7415,33.2841,5.5,0.03,,Epsilon Tri
15643,50.35,-23.6351,5.5,0.89,,
15861,51.077,24.7241,5.5,1.19,,
20171,64.8587,21.1423,5.5,-0.07,,
22958,74.1008,-5.1714,5.5,-0.12,,b Eri
23900,77.0276,24.2652,5.5,0.03,,
24450,78.6835,5.1562,5.5,1.37,,
25950,83.0589,17.0581,5.5,-0.0,,
29064,91.9702,-42.154,5.5,0.01,,π2 Col
34000,105.8129,-59.1781,5.5,-0.12,,
35564,110.0893,-52.3115,5.5,0.48,,
49005,149.9654,56.8118,5.5,1.49,,
51821,158.8035,-39.5626,5.5,3.02,,
52686,161.6023,18.8915,5.5,1.13,,m Leo
56497,173.7369,-49.1365,5.5,1.04,,
66435,204.2958,71.2423,5.5,1.22,,
67172,206.4847,-12.4265,5.5,0.9,,
76106,233.1529,-19.6705,5.5,0.2,,
76133,233.2414,-1.1864,5.5,1.09,,A1 Ser
79199,242.4691,-33.5458,5.5,-0.07,,
81141,248.5806,-70.9881,5.5,1.24,,
81252,248.9367,-65.4954,5.5,0.95,,Theta TrA
89065,272.6679,3.3243,5.5,1.2,,
97077,295.9289,25.7719,5.5,0.94,,
100435,305.5143,24.4461,5.5,-0.09,,
105913,321.7568,-42.5479,5.5,0.39,,
108543,329.8246,-38.3951,5.5,1.0,,
115836,352.0158,-87.4822,5.5,1.28,,Tau Oct
2802,8.9216,-48.0009,5.51,0.46,,λ2 Phe
3675,11.7561,11.9738,5.51,0.99,,
5346,17.0925,5.6498,5.51,0.33,,e Psc
6748,21.7149,-13.0565,5.51,0.32,,
10642,34.246,-6.4221,5.51,0.96,,
14131,45.5644,-71.9025,5.51,-0.12,,Theta Hyi
15201,48.9903,-77.3885,5.51,0.44,,Iota Hyi
19388,62.2915,19.6092,5.51,1.08,,
20860,67.0553,83.8078,5.51,-0.11,,
23043,74.3431,17.1537,5.51,1.3,,
29941,94.5572,-19.967,5.51,-0.16,,
41451,126.8198,-70.0935,5.51,-0.02,,
47267,144.5061,-43.1909,5.51,0.98,,y Vel
52221,160.0477,-65.1002,5.51,-0.16,,
52422,160.7578,26.3256,5.51,0.16,,
54029,165.812,-11.3035,5.51,0.94,,
59232,182.2275,-41.2316,5.51,-0.1,,
67250,206.7491,38.5427,5.51,1.04,,
70915,217.536,-45.3214,5.51,-0.09,,
73193,224.3885,-0.1676,5.51,1.13,,M Ser
75049,230.0357,29.6162,5.51,1.01,,Omicron CrB
82480,252.8539,1.2159,5.51,0.06,,
84835,260.088,46.2408,5.51,1.59,,
87308,267.5954,29.3221,5.51,1.07,,
92549,282.8956,52.9751,5.51,0.84,,
92630,283.1135,-46.5951,5.51,1.64,,
93225,284.8492,-12.8405,5.51,-0.04,,
93340,285.1811,55.6583,5.51,0.86,,
94437,288.3147,-12.2826,5.51,1.44,,
97260,296.5051,-31.9086,5.51,0.02,,
98325,299.6583,30.9837,5.51,-0.06,,
98823,301.0346,7.278,5.51,1.06,,Tau Aql
99404,302.6397,26.9042,5.51,0.09,,
99518,302.9499,26.809,5.51,1.4,,
103527,314.6081,10.8393,5.51,0.93,Musica,
105259,319.8154,58.6235,5.51,1.11,,
107235,325.777,41.155,5.51,1.61,,
111062,337.4914,4.4317,5.51,0.39,,
113532,344.899,-29.4623,5.51,0.27,,
7978,25.6221,-53.7408,5.52,0.55,,q1 Eri
13327,42.8733,15.0821,5.52,-0.1,,Sigma Ari
17738,56.9835,-30.1679,5.52,0.97,,Rho For
19335,62.1526,38.0397,5.52,0.52,,
22854,73.763,55.2591,5.52,0.01,,
24555,79.0172,11.3414,5.52,-0.01,,
25555,81.94,15.8741,5.52,0.01,,
28098,89.0873,-31.3824,5.52,0.38,,Sigma Col
31583,99.1472,-5.2111,5.52,-0.08,,
39360,120.6866,-41.3098,5.52,-0.15,,
39566,121.2655,-53.1079,5.52,1.35,,
40282,123.3927,-50.1961,5.52,1.65,,
41152,125.9521,53.2197,5.52,0.12,,
41395,126.6748,-12.5346,5.52,1.17,,
50456,154.5316,-28.992,5.52,0.28,,
50935,156.0358,33.7185,5.52,1.19,,
51384,157.4228,84.252,5.52,0.24,,
54336,166.7259,1.9555,5.52,0.95,,p4 Leo
60170,185.082,26.6195,5.52,1.09,,
66091,203.2152,-15.363,5.52,1.23,,
73497,225.3326,-2.7549,5.52,1.69,,
73634,225.7752,35.2058,5.52,1.02,,
74732,229.0959,-22.3994,5.52,1.36,,
85385,261.7047,20.081,5.52,-0.12,,
88816,271.9514,-17.1542,5.52,1.13,,
90124,275.8701,-36.238,5.52,1.01,,
94789,289.301,-66.661,5.52,0.17,,
102916,312.7532,-37.9133,5.52,1.38,,
107835,327.6966,-69.6294,5.52,1.38,,Omicron Ind
107975,328.1247,28.7935,5.52,0.43,,
109474,332.6616,70.1326,5.52,0.39,,
110817,336.7721,65.1323,5.52,0.3,,
112381,341.4199,-46.5473,5.52,1.3,,
107,0.3338,-50.3374,5.53,1.61,,
8704,27.9972,55.1474,5.53,-0.17,,
12107,39.0002,-7.8316,5.53,1.61,,
15330,49.4423,-62.5753,5.53,0.64,,ζ1 Ret
17167,55.1597,-5.2107,5.53,-0.14,,
20789,66.8227,22.9963,5.53,-0.1,,
20884,67.1338,1.3808,5.53,-0.1,,
21949,70.7665,-70.931,5.53,-0.11,,Mu Men
22028,71.0333,-18.6666,5.53,0.03,,
25853,82.7818,-20.8637,5.53,0.01,,
26382,84.2656,17.0403,5.53,0.24,,
30651,96.6077,56.2851,5.53,0.24,,
40035,122.6659,-13.7992,5.53,0.49,,
49065,150.1825,-82.2147,5.53,0.04,,Mu Cha
58159,178.9189,15.6468,5.53,0.12,,o Leo
63950,196.5942,22.6162,5.53,1.46,,
67819,208.3865,-35.6642,5.53,0.44,,y Cen
69462,213.3184,-53.6657,5.53,1.44,,
69536,213.5216,12.9594,5.53,0.54,,
69658,213.8504,-18.2007,5.53,0.0,,
76126,233.2301,-16.8528,5.53,-0.15,,Zeta Lib
77464,237.2367,-3.8185,5.53,0.12,,
78436,240.1985,-8.4114,5.53,0.04,,
79980,244.8864,-30.9067,5.53,0.47,,
80460,246.3507,37.3941,5.53,0.17,,
81290,249.0476,52.9,5.53,-0.06,,
83057,254.5747,-50.6412,5.53,0.02,,
84551,259.2652,-32.6628,5.53,0.51,,
86698,265.7129,-36.9456,5.53,1.55,,
89020,272.5242,-30.7287,5.53,0.98,,
93843,286.6572,28.6286,5.53,0.3,,
94982,289.914,12.3747,5.53,0.27,,A Aql
102066,310.2606,32.3073,5.53,0.87,,
103981,316.0197,-5.8231,5.53,0.68,,
106227,322.747,60.4594,5.53,0.1,,
107586,326.8554,60.6927,5.53,1.57,,
109745,333.4552,45.4406,5.53,0.02,,
110529,335.8785,-24.7627,5.53,0.98,,
113148,343.6895,-16.272,5.53,1.11,,
113969,346.2176,-68.8202,5.53,0.4,,
115713,351.6524,-52.7216,5.53,0.41,,Omicron Gru
813,2.5092,11.1458,5.54,-0.06,,
7535,24.2747,12.1415,5.54,0.35,,Pi Psc
25143,80.7096,41.0293,5.54,0.13,,
27581,87.6204,14.3056,5.54,1.01,,
28524,90.3179,-33.9118,5.54,1.58,,
29263,92.5433,-40.3538,5.54,1.67,,
29842,94.2551,-37.7374,5.54,1.13,,
32609,102.0512,55.7042,5.54,0.0,,
35136,108.9589,47.24,5.54,0.58,,
36039,111.4087,-79.0942,5.54,1.28,,Epsilon Men
45219,138.2318,-59.4139,5.54,0.85,,
56146,172.621,18.4098,5.54,1.06,,
57013,175.3325,-43.0957,5.54,0.04,,
58576,180.1852,-10.446,5.54,0.76,,
60212,185.212,57.8641,5.54,1.45,,
75127,230.2817,-5.8249,5.54,1.05,,
77390,236.9711,-65.4423,5.54,0.23,,
78132,239.3107,14.4145,5.54,1.14,,Phi Ser
84183,258.1357,62.8743,5.54,0.22,,
86019,263.6931,-11.242,5.54,0.01,,
86623,265.4943,15.9524,5.54,0.39,,
97765,298.0066,24.9922,5.54,0.68,,
98234,299.4394,16.7892,5.54,-0.05,,
103298,313.9107,12.5686,5.54,0.13,,
103598,314.8558,59.4386,5.54,1.41,,
108339,329.2349,12.0765,5.54,0.05,,
115054,349.5412,-40.8244,5.54,0.45,,Phi Gru
476,1.4248,13.3963,5.55,0.9,,
2661,8.421,-29.5583,5.55,1.26,,
3885,12.4715,27.7103,5.55,0.4,,i Psc
5132,16.4238,21.4654,5.55,-0.05,,ψ1 Psc
7617,24.5315,57.9776,5.55,1.39,,
11432,36.8657,31.8013,5.55,1.11,,
14915,48.1099,6.6609,5.55,1.01,,
15696,50.5496,27.6076,5.55,1.1,,
17103,54.963,3.0569,5.55,0.93,,
17203,55.2827,37.5802,5.55,-0.06,,
20234,65.048,50.9209,5.55,-0.03,,b2 Per
24738,79.5654,42.7921,5.55,1.49,,
27955,88.7187,-39.9579,5.55,1.51,,
30143,95.151,-34.1441,5.55,-0.18,,
30720,96.815,-0.276,5.55,1.38,,
30728,96.8352,2.9083,5.55,1.03,,
34267,106.5483,34.474,5.55,0.91,,
36258,111.9965,-29.1559,5.55,-0.05,,
37521,115.5134,14.2085,5.55,1.64,,
40793,124.8845,75.7569,5.55,0.9,,
43496,132.8934,-7.1772,5.55,0.15,,
52136,159.7736,53.6683,5.55,1.27,,
55657,171.0464,-72.2566,5.55,0.02,,
62608,192.4374,-71.9863,5.55,1.15,,
67057,206.1243,-16.1791,5.55,0.81,,
70054,215.0404,-43.0588,5.55,0.91,,
71419,219.0793,-46.2455,5.55,1.49,,
71837,220.4313,11.6607,5.55,0.94,,
80480,246.4299,78.9639,5.55,0.25,,
81754,250.4737,-19.9244,5.55,0.44,,
82171,251.8319,-58.3414,5.55,-0.1,,
84949,260.4317,39.9746,5.55,0.67,,
96014,292.8305,50.3067,5.55,1.27,,
103005,313.0362,-5.5071,5.55,-0.08,,
103519,314.5811,44.4717,5.55,0.97,,
104177,316.6063,-41.386,5.55,1.35,,Eta Mic
108772,330.5191,58.0004,5.55,0.02,,
108868,330.8186,-6.5224,5.55,0.96,,
110778,336.6428,-16.7421,5.55,0.62,,f Aqr
113669,345.3308,-28.854,5.55,1.35,,
114831,348.9072,70.8881,5.55,0.26,,
116354,353.6564,40.2364,5.55,0.1,,
117299,356.758,57.4514,5.55,1.63,,
4440,14.1957,60.3628,5.56,-0.05,,
5310,16.9882,20.7391,5.56,0.12,,ψ2 Psc
5566,17.8565,64.2027,5.56,-0.05,,
13951,44.9215,-2.465,5.56,-0.07,,
16780,53.9903,-11.1938,5.56,0.92,,
17506,56.2354,-0.2967,5.56,1.41,,
21743,70.0283,-24.4824,5.56,0.93,,
25608,82.0639,-37.2308,5.56,0.03,,
29205,92.3939,-14.5846,5.56,1.15,,
30321,95.6595,-69.984,5.56,1.51,,π1 Dor
34065,105.9888,-43.608,5.56,0.62,,
41400,126.6831,12.6546,5.56,1.61,,
42535,130.0728,-53.0154,5.56,-0.12,,
44299,135.3369,-41.8643,5.56,-0.14,,
45189,138.1272,-43.6133,5.56,-0.11,,
45924,140.4624,-42.1949,5.56,1.64,,
46982,143.636,-5.9149,5.56,1.16,,A Hya
47717,145.926,-53.8913,5.56,-0.04,,O Vel
48310,147.7316,-62.7451,5.56,1.32,,
56770,174.5857,43.6254,5.56,0.35,,
57870,178.0428,-56.9877,5.56,0.07,,
60735,186.7154,-32.8301,5.56,0.01,,
66753,205.2312,-85.786,5.56,0.18,,Kappa Oct
70492,216.2764,-68.1953,5.56,0.43,,
75257,230.6557,39.5815,5.56,1.63,,
83692,256.5752,22.0842,5.56,1.3,,
86667,265.6182,24.5641,5.56,1.44,,
89482,273.9116,42.1593,5.56,-0.11,,
92882,283.8792,-16.3766,5.56,0.45,,
93051,284.3191,2.5353,5.56,0.0,,
93996,287.0696,-19.2903,5.56,-0.09,,
97961,298.6295,24.3194,5.56,-0.02,,
110935,337.157,-67.4891,5.56,0.21,,
114822,348.8927,-3.4964,5.56,0.06,,
115142,349.8499,-5.1244,5.56,0.39,,
115395,350.6356,60.1335,5.56,1.68,,
115591,351.2118,32.3849,5.56,-0.07,,
115746,351.7536,87.3075,5.56,0.25,,
531,1.6106,64.1962,5.57,-0.02,,
729,2.2601,18.212,5.57,1.04,,
2711,8.616,-52.3731,5.57,0.47,,
2941,9.3363,-24.7673,5.57,0.71,,
3741,12.0044,-21.7225,5.57,-0.06,,
5454,17.455,19.6584,5.57,0.7,,ψ3 Psc
5589,17.9225,65.0189,5.57,-0.07,,
7965,25.5855,68.043,5.57,-0.05,,
9313,29.9117,-42.0305,5.57,1.05,,
10418,33.5606,-67.8414,5.57,1.56,,π1 Hyi
10535,33.9282,25.043,5.57,0.52,,
10944,35.2425,50.1515,5.57,-0.09,,
16263,52.4001,-12.6747,5.57,0.17,,
22393,72.3035,31.4374,5.57,1.13,,
31277,98.4007,14.1552,5.57,1.1,,
38152,117.278,-56.4104,5.57,1.12,,
43903,134.156,64.6038,5.57,0.88,,
47168,144.1786,31.1617,5.57,1.59,,
51376,157.3974,-30.6071,5.57,-0.04,,Delta Ant
51685,158.3788,34.9887,5.57,0.03,,
53064,162.8488,59.3201,5.57,1.16,,
61968,190.488,6.8066,5.57,0.0,,d1 Vir
64122,197.1353,-8.9844,5.57,1.18,,g Vir
66640,204.8942,10.7463,5.57,0.35,,
70243,215.5822,-34.7868,5.57,-0.09,,
76996,235.8205,-84.4653,5.57,0.12,,Rho Oct
77048,235.9971,32.5158,5.57,1.08,,Pi CrB
77163,236.3478,5.4473,5.57,0.04,,
79153,242.3273,-57.9343,5.57,-0.02,,ι2 Nor
81702,250.3351,-48.763,5.57,0.17,,
82925,254.2002,-23.1503,5.57,-0.02,,
85749,262.8389,2.7245,5.57,0.84,,
89008,272.4958,36.4663,5.57,0.92,,
95564,291.5798,-21.7767,5.57,1.23,,
95822,292.3423,14.596,5.57,1.05,,
102633,311.9514,6.0082,5.57,-0.01,,
106429,323.348,-44.8487,5.57,1.04,,
107517,326.6337,-11.366,5.57,-0.0,,Lambda Cap
107649,327.0656,-47.3036,5.57,0.6,,
108845,330.7361,44.6499,5.57,-0.03,,
114622,348.3207,57.1684,5.57,1.0,,
118077,359.2853,55.7057,5.57,0.48,,
124,0.4042,61.2228,5.58,0.41,,
1921,6.0652,52.0199,5.58,-0.11,,
5164,16.5215,-9.8394,5.58,0.01,,
7679,24.7158,-21.2754,5.58,0.35,,
10732,34.5314,19.9012,5.58,0.01,,Theta Ari
13702,44.109,18.0231,5.58,0.47,,Rho Ari
16210,52.218,49.8484,5.58,-0.05,,
20219,64.9904,14.0352,5.58,0.28,,h Tau
20995,67.5358,15.6378,5.58,0.32,,
22531,72.7305,-53.4615,5.58,0.34,,Iota Pic
31079,97.8263,-51.826,5.58,0.53,,
35044,108.7132,-27.038,5.58,1.22,,
37204,114.6369,35.0486,5.58,0.92,,
37441,115.3017,48.1315,5.58,1.01,,
40944,125.3384,-20.0791,5.58,0.77,,
41377,126.6154,27.8936,5.58,1.42,,φ1 Cnc
47963,146.6265,-44.7551,5.58,-0.18,,
51140,156.7038,-54.8773,5.58,1.56,,
51364,157.3707,-29.6638,5.58,1.42,,
54327,166.7079,-70.8779,5.58,-0.07,,
55765,171.4016,16.4565,5.58,0.39,,
58110,178.7631,8.4439,5.58,0.94,,A2 Vir
61296,188.3927,-12.8302,5.58,0.86,,
63738,195.9421,-20.5835,5.58,0.55,,
70791,217.1576,49.8449,5.58,0.86,,g Boo
87569,268.3478,-34.8951,5.58,1.1,,
89487,273.9192,-63.0554,5.58,0.94,,
90260,276.2559,-30.7566,5.58,1.14,,
92728,283.4315,36.9717,5.58,-0.14,,δ1 Lyr
92872,283.8644,6.6153,5.58,1.04,,
94624,288.8337,15.0837,5.58,1.07,,
100108,304.6194,36.9998,5.58,0.06,,
100437,305.5224,45.795,5.58,1.08,,
105411,320.2683,23.856,5.58,1.06,,
109352,332.3068,33.1723,5.58,0.98,,π1 Peg
109737,333.4351,-25.1809,5.58,0.5,,
114924,349.1763,53.2135,5.58,0.56,,
115271,350.2065,30.4149,5.58,1.5,,
377,1.1721,-71.4369,5.59,-0.1,,
2497,7.9215,52.8395,5.59,1.16,,
3849,12.3567,-13.5613,5.59,1.32,,
4283,13.7212,83.7074,5.59,0.1,,
4770,15.3261,-38.9165,5.59,1.19,,Xi Scl
9573,30.7508,64.39,5.59,0.33,,
13665,43.9872,61.5211,5.59,0.45,,
17395,55.891,-10.4857,5.59,0.22,,
19095,61.406,-27.6518,5.59,0.32,,
21479,69.19,-62.0772,5.59,1.5,,
31457,98.8509,-36.7799,5.59,-0.13,,
33575,104.6496,-25.4142,5.59,-0.16,,
35615,110.2429,-14.3605,5.59,0.97,,
36723,113.2986,3.2904,5.59,0.32,,δ2 CMi
38908,119.4455,-60.3031,5.59,0.57,,
40678,124.5725,-35.4517,5.59,1.25,,
43499,132.9021,-57.6336,5.59,-0.1,,
45001,137.485,-30.3654,5.59,0.18,,Epsilon Pyx
49569,151.7896,-17.1417,5.59,1.49,,
50241,153.8815,-43.1124,5.59,1.52,,
51491,157.7493,-13.5885,5.59,-0.03,,
58326,179.4167,-62.4487,5.59,-0.15,,
58427,179.6986,-64.3396,5.59,0.17,,
58654,180.4145,36.0421,5.59,1.02,,
63972,196.6462,-41.5884,5.59,1.05,,
72833,223.3066,-73.1901,5.59,0.82,,
73841,226.3576,48.151,5.59,-0.01,,k Boo
74950,229.7349,-40.7882,5.59,-0.1,,
78106,239.2255,-33.9643,5.59,0.07,,ξ2 Lup
94727,289.1293,4.8348,5.59,0.1,,
94986,289.9166,-35.4215,5.59,-0.12,,
95077,290.159,-22.4025,5.59,0.28,,
96178,293.3401,-45.2717,5.59,-0.02,,
100261,305.0251,68.8803,5.59,1.47,,
101716,309.2695,26.4619,5.59,-0.05,,
102253,310.7959,66.6574,5.59,0.22,,
103530,314.6251,50.4618,5.59,-0.14,,
105769,321.3315,46.7143,5.59,0.34,,
117683,357.991,2.9304,5.59,1.53,,
118277,359.8662,-29.4852,5.59,1.6,,
5626,18.0701,79.674,5.6,0.01,,
6514,20.9192,37.7149,5.6,0.28,,
10723,34.506,1.7578,5.6,0.59,,
17460,56.131,36.4601,5.6,0.06,,
24169,77.8453,-11.8491,5.6,1.35,,
25329,81.2573,-10.3289,5.6,1.54,,
26093,83.4762,14.3056,5.6,-0.12,,
26215,83.8052,10.2401,5.6,0.15,,
27629,87.7421,27.9679,5.6,0.98,,
27743,88.0929,14.1718,5.6,-0.05,,
30342,95.7326,-56.37,5.6,0.24,,Nu Pic
31167,98.0964,-5.8688,5.6,0.26,,
32531,101.828,-55.54,5.6,1.55,,O Car
36186,111.7833,-17.8649,5.6,0.31,,
36388,112.3278,-1.9053,5.6,1.49,,
37623,115.7999,-36.0501,5.6,-0.13,,
38253,117.5441,-9.1834,5.6,1.45,,
39177,120.1971,17.3087,5.6,1.32,,
41375,126.6134,-3.9875,5.6,0.22,,
44883,137.1757,-8.5895,5.6,-0.06,,
46221,141.3501,-5.1174,5.6,1.52,,
51046,156.4345,-7.0598,5.6,1.53,,
59501,183.0387,20.5421,5.6,0.96,,
65072,200.079,40.1505,5.6,1.2,,
66198,203.5304,55.3484,5.6,-0.01,,
82028,251.3438,15.7453,5.6,1.64,,
84401,258.8302,-33.5484,5.6,-0.06,,
92382,282.3958,-43.4341,5.6,-0.08,,η2 CrA
95560,291.5552,20.0977,5.6,-0.01,,
97757,297.9961,47.0273,5.6,-0.08,,
97980,298.6867,0.2736,5.6,0.1,,
100469,305.6146,-42.0495,5.6,0.0,,κ1 Sgr
102635,311.9554,47.8319,5.6,1.47,,
104371,317.162,30.2056,5.6,-0.05,,
108691,330.2709,0.6047,5.6,1.28,,
110986,337.2833,9.129,5.6,1.58,,
113281,344.0985,41.6039,5.6,-0.15,,
114254,347.0878,-28.8237,5.6,0.88,,
115620,351.3311,-56.849,5.6,1.06,,
115770,351.8193,70.3598,5.6,0.16,,
1728,5.4428,-20.058,5.61,1.58,,
9622,30.9187,-4.1035,5.61,1.59,,
15154,48.8352,30.5567,5.61,0.01,,
18647,59.8755,-12.5744,5.61,1.48,,
20922,67.2789,-13.0484,5.61,-0.2,,
23554,75.972,-24.3882,5.61,0.09,,
30436,95.983,-25.5776,5.61,1.56,,
31897,100.012,-80.8136,5.61,0.21,,Zeta Men
38200,117.3975,-33.2889,5.61,1.62,,
41211,126.1459,-3.7512,5.61,0.48,,
41723,127.6192,-32.1593,5.61,1.51,,
45920,140.4585,-55.5147,5.61,0.19,,
47570,145.5014,39.7579,5.61,0.95,,
51008,156.3133,8.7848,5.61,1.63,,
52965,162.4876,-34.0582,5.61,0.04,,
63121,194.0019,38.3149,5.61,0.34,,α1 CVn
66656,204.9523,-40.0517,5.61,1.3,,
67384,207.1614,31.1902,5.61,1.03,,
69598,213.6778,-41.8375,5.61,0.93,,
72323,221.844,-25.6243,5.61,-0.04,,
77286,236.6842,-34.6825,5.61,-0.12,,
78276,239.7405,36.6438,5.61,1.53,,
79689,243.9575,-57.9123,5.61,0.14,,
80953,247.9468,45.5983,5.61,0.12,,
85922,263.3744,-5.7448,5.61,0.19,,
87044,266.7835,17.697,5.61,0.04,,
89925,275.2374,29.8589,5.61,0.23,,
108693,330.2723,13.1198,5.61,0.34,,
112864,342.8443,61.6967,5.61,0.78,,
4587,14.6828,-11.38,5.62,0.95,,φ4 Cet
7345,23.6574,-15.6764,5.62,0.07,,
14143,45.5938,4.3529,5.62,-0.11,,
15383,49.5934,-0.9303,5.62,1.05,,
16489,53.0839,84.911,5.62,0.89,,
18471,59.217,22.478,5.62,0.34,,
19011,61.0946,-12.7923,5.62,1.06,,
26882,85.6102,65.6976,5.62,1.25,,
27766,88.1383,-37.6311,5.62,1.05,,
27938,88.6818,-11.7742,5.62,1.52,,
29716,93.8928,-0.5122,5.62,0.51,,
30444,96.0042,-36.7078,5.62,1.03,,
31362,98.6472,-32.7163,5.62,-0.09,,
32385,101.38,-30.949,5.62,-0.14,,
37751,116.1424,-24.6741,5.62,-0.19,,
38375,117.9293,-21.1737,5.62,0.96,,
38656,118.7222,-57.3028,5.62,1.3,,
40240,123.2869,29.6565,5.62,-0.07,,
42795,130.8014,12.6809,5.62,0.43,,A1 Cnc
47199,144.2912,-32.1786,5.62,1.02,,
48348,147.8322,-46.1939,5.62,1.17,,
57791,177.7593,-5.3333,5.62,1.06,,
73111,224.1336,-47.8792,5.62,-0.04,,
74689,228.9545,0.3721,5.62,0.18,,
79358,242.9502,36.4251,5.62,1.35,,
81733,250.4176,-49.6516,5.62,-0.04,,
87777,268.9617,22.4642,5.62,1.25,,
91139,278.8767,23.6055,5.62,1.01,,
92969,284.1072,65.2581,5.62,0.94,,
98863,301.1507,32.2186,5.62,0.76,,
107773,327.5005,-64.7125,5.62,1.02,,
109081,331.4626,-59.6361,5.62,1.47,,Kappa Ind
110506,335.7833,-45.9285,5.62,0.37,,π2 Gru
114132,346.7234,-38.8923,5.62,0.01,,Upsilon Gru
7825,25.1652,43.2977,5.63,0.21,,
7943,25.5145,35.2457,5.63,-0.06,,
8362,26.9368,63.8525,5.63,0.8,,
15479,49.8954,-24.1229,5.63,1.66,,
28814,91.2432,4.1587,5.63,1.04,,
34086,106.0219,-5.324,5.63,1.29,,
36528,112.7196,68.4656,5.63,1.1,,
40646,124.4601,59.5711,5.63,0.18,,
40834,125.0022,-71.5054,5.63,-0.1,,κ2 Vol
42438,129.7988,65.0209,5.63,0.62,Muscida,π1 UMa
42917,131.1877,10.0817,5.63,-0.07,,b Cnc
52407,160.6799,-32.7157,5.63,0.01,,
56510,173.7704,54.7854,5.63,1.03,,
61015,187.5727,-23.6964,5.63,1.67,,
64003,196.7261,-35.862,5.63,0.05,,
66438,204.3016,-61.6919,5.63,0.49,,
66763,205.2598,22.4958,5.63,1.01,,
72573,222.5851,82.5119,5.63,0.67,,
73100,224.096,49.6284,5.63,0.53,,
77984,238.8753,-26.266,5.63,0.14,,
79007,241.9064,9.8917,5.63,0.2,,
81007,248.1487,5.5212,5.63,-0.04,,n Her
83635,256.3844,-0.8921,5.63,0.1,,
85715,262.7307,31.1581,5.63,0.96,,
90541,277.113,-38.9957,5.63,0.14,,
90687,277.5494,-18.7288,5.63,1.06,,
93498,285.6153,-24.8468,5.63,1.23,,
93718,286.2411,31.7441,5.63,1.55,,
97871,298.3281,-3.1145,5.63,0.23,,
100907,306.8927,38.4403,5.63,0.07,,
104031,316.1444,5.5029,5.63,1.65,,
105576,320.7521,-22.669,5.63,1.64,,
107575,326.8082,2.6861,5.63,0.01,,
115769,351.8125,-58.4761,5.63,0.98,,
116355,353.6592,33.4973,5.63,1.04,,
3572,11.4128,74.9881,5.64,0.08,,
5081,16.2723,14.9461,5.64,0.42,,
9621,30.9139,25.9355,5.64,0.54,,
10212,32.8378,8.5698,5.64,0.57,,
12153,39.158,12.4476,5.64,0.52,,
14439,46.5987,13.1873,5.64,1.09,,
20087,64.5967,21.5793,5.64,0.28,,
20484,65.8544,16.7773,5.64,0.31,,
22545,72.7889,48.7407,5.64,1.01,,
24914,80.0942,62.6537,5.64,1.73,,
25280,81.1187,-16.9758,5.64,-0.0,,
33804,105.2748,-25.2156,5.64,-0.17,,
35181,109.0645,-46.7745,5.64,1.44,,
36732,113.3315,-19.4125,5.64,1.12,,
37590,115.7006,-26.3513,5.64,0.99,,
44356,135.4916,-0.4827,5.64,1.16,,
47701,145.8886,29.9745,5.64,0.11,,f Leo
49865,152.7328,-8.4185,5.64,1.3,,
56319,173.2003,-40.4362,5.64,1.58,,
56518,173.8053,-47.3726,5.64,1.68,,C1 Cen
56675,174.3151,-75.8965,5.64,0.36,,Pi Cha
63916,196.4678,45.2685,5.64,1.14,,
64607,198.6303,11.3317,5.64,1.51,,
73369,224.9039,39.2653,5.64,0.34,,
75730,232.0642,-16.7165,5.64,1.54,,
76750,235.0889,-73.4467,5.64,-0.04,,κ2 Aps
81972,251.1775,-40.8397,5.64,-0.09,,
83187,255.0262,-54.5972,5.64,0.19,,
90313,276.4117,8.032,5.64,0.88,,
92768,283.5552,27.9095,5.64,1.36,,
96406,294.0069,-24.7191,5.64,0.18,,h1 Sgr
96807,295.1805,-0.6212,5.64,0.12,,
100591,305.9716,-42.4229,5.64,0.2,,κ2 Sgr
104642,317.951,59.9866,5.64,0.11,,
105854,321.5953,-37.8294,5.64,1.19,,
111068,337.5076,32.5726,5.64,-0.03,,
114948,349.2404,-62.0012,5.64,0.52,,
10305,33.1981,-2.3936,5.65,0.55,,
12247,39.4242,-3.3962,5.65,1.02,,
17932,57.5184,44.9679,5.65,0.78,,
23166,74.7557,-16.376,5.65,0.45,,
26394,84.2912,-80.4691,5.65,0.6,,Pi Men
28484,90.2049,-51.2163,5.65,0.21,,
28756,91.0844,-32.1724,5.65,-0.19,,
33077,103.3284,-19.0328,5.65,0.28,,
36168,111.7478,-23.086,5.65,-0.13,,
39213,120.3079,4.8798,5.65,0.01,,
47960,146.5984,1.7856,5.65,0.34,,
53316,163.5741,-13.758,5.65,0.83,,
62325,191.5939,9.5397,5.65,0.99,,
62500,192.1094,-27.5974,5.65,0.95,,
65522,201.4596,-70.6272,5.65,-0.02,,
65790,202.3042,10.8183,5.65,1.05,,
73284,224.6636,-27.6573,5.65,0.26,,
73540,225.4617,-83.2276,5.65,0.96,,π1 Oct
73771,226.1955,-83.0383,5.65,1.27,,π2 Oct
75043,230.0215,51.9585,5.65,0.12,,
75181,230.4506,-48.3176,5.65,0.64,,ν2 Lup
75308,230.7938,-60.6572,5.65,0.49,,
76519,234.413,69.2833,5.65,1.37,,
85290,261.4223,60.0484,5.65,0.02,,
85912,263.3451,19.2567,5.65,0.51,,
90647,277.4374,77.5471,5.65,1.19,,
94620,288.8223,21.2321,5.65,0.12,,
94720,289.1116,14.5446,5.65,-0.02,,
98470,300.0844,-33.7035,5.65,0.5,,
99747,303.5793,-52.4458,5.65,1.5,,
108699,330.2885,8.2572,5.65,1.44,,
115312,350.3146,-26.9868,5.65,0.82,,
1288,4.0369,-31.4464,5.66,1.35,,
3478,11.1091,47.864,5.66,-0.11,,
7568,24.3667,-84.7696,5.66,0.94,,
9990,32.1691,58.4236,5.66,0.59,,
17527,56.2906,24.8393,5.66,-0.06,,
17584,56.4969,45.6819,5.66,-0.08,,
18089,58.001,6.5349,5.66,0.05,,
21823,70.3505,48.3009,5.66,0.0,,
21958,70.7887,-30.7656,5.66,1.39,,
25001,80.3029,29.5699,5.66,0.06,,
32474,101.6626,-10.1074,5.66,-0.05,,
36981,114.0162,-14.4928,5.66,-0.07,,
37023,114.1318,46.1803,5.66,1.56,,
39919,122.2896,-48.6844,5.66,-0.1,,
39943,122.3689,-16.2489,5.66,-0.15,,
39957,122.3901,-56.0854,5.66,0.2,,
42372,129.5924,53.4015,5.66,0.96,,
46511,142.3027,-20.7491,5.66,1.59,,
50520,154.7711,-64.6763,5.66,0.04,,
50609,155.0696,-47.6991,5.66,1.67,,
53043,162.7959,56.5823,5.66,1.13,,
59468,182.9632,25.8703,5.66,1.4,,
60425,185.8399,-24.8407,5.66,1.15,,
67973,208.8006,-52.1608,5.66,-0.07,,
80793,247.4455,-14.5509,5.66,0.82,,
84150,258.0675,-39.5069,5.66,0.04,,
85790,262.9566,28.4075,5.66,-0.0,,
95619,291.7353,-29.7432,5.66,-0.01,,
96496,294.2639,-18.2311,5.66,1.24,,
101345,308.0987,-9.8534,5.66,0.69,,
102949,312.8677,28.2505,5.66,0.62,,
106856,324.6331,5.7717,5.66,0.27,,
107144,325.5421,1.2853,5.66,1.45,,
111809,339.7144,-33.0813,5.66,0.04,,
113562,345.0241,-25.1642,5.66,1.25,,
115908,352.2541,-63.1107,5.66,-0.14,,
116591,354.4148,-13.0602,5.66,1.02,,
655,2.0145,-33.5293,5.67,1.12,,
2383,7.6088,-48.2149,5.67,0.37,,
5493,17.5781,42.0815,5.67,0.6,,
10513,33.8693,-67.7464,5.67,1.31,,π2 Hyi
14521,46.8839,-78.9892,5.67,0.3,,
16509,53.145,-50.3786,5.67,1.1,,
18805,60.4422,9.998,5.67,0.01,,
20049,64.497,-80.214,5.67,0.84,,Delta Men
21295,68.5344,5.5686,5.67,0.06,,
24109,77.6788,46.9621,5.67,0.45,,
26064,83.3818,18.5402,5.67,-0.02,,
26197,83.7542,-6.0093,5.67,-0.23,,
28812,91.2424,5.42,5.67,1.05,,
30099,95.0176,14.6511,5.67,1.58,,
41191,126.0826,-80.9142,5.67,1.02,,
41242,126.2299,-23.1537,5.67,0.07,,
42564,130.1469,-45.1911,5.67,1.66,,
43584,133.1443,32.4742,5.67,0.22,,σ1 Cnc
47959,146.5972,11.81,5.67,1.49,,
51802,158.759,8.6504,5.67,0.06,,
54137,166.13,-47.6791,5.67,0.26,,
71783,220.2558,-36.1349,5.67,-0.08,,
74087,227.0991,26.3012,5.67,1.24,,b Boo
79399,243.0668,-28.4173,5.67,0.01,,c1 Sco
80309,245.9465,61.6965,5.67,0.96,,
80675,247.0632,-58.5998,5.67,0.01,,
89000,272.4751,3.1198,5.67,0.49,,
90968,278.3464,-38.726,5.67,-0.06,,κ2 CrA
92997,284.1877,57.8149,5.67,1.16,,
96516,294.3225,16.4628,5.67,1.01,,Epsilon Sge
98844,301.0965,-0.7093,5.67,1.3,,
102962,312.9104,-62.4293,5.67,0.2,,
104440,317.3435,-73.173,5.67,0.59,,
105703,321.1417,26.1746,5.67,0.32,,
379,1.1749,67.1664,5.68,1.05,,
10155,32.6567,19.5003,5.68,1.64,,
16290,52.4954,-78.3518,5.68,0.93,,
17309,55.579,19.7003,5.68,-0.02,,
22699,73.199,42.5866,5.68,0.12,,
25028,80.3827,-0.4165,5.68,-0.12,,
32814,102.6062,13.4132,5.68,1.33,,
32968,102.9999,23.6017,5.68,1.47,,
34473,107.1765,-70.4971,5.68,0.44,,γ1 Vol
37174,114.5759,-48.6014,5.68,0.68,,y3 Pup
41861,128.0207,-53.2119,5.68,0.58,,
44001,134.3967,15.5813,5.68,0.21,,ο2 Cnc
47187,144.2509,-25.2968,5.68,1.12,,
49220,150.704,21.9493,5.68,-0.18,,
57741,177.6137,-62.6494,5.68,0.23,,
60795,186.8963,55.7127,5.68,1.58,,
60957,187.4302,20.8961,5.68,0.09,,
61658,189.5934,1.8547,5.68,1.59,,
67231,206.6486,54.4327,5.68,-0.04,,
72154,221.3759,0.7173,5.68,-0.02,,
72488,222.3281,-24.2515,5.68,1.27,,
72524,222.4221,48.7208,5.68,0.5,,
74896,229.6021,20.5728,5.68,0.97,,
84691,259.7022,28.823,5.68,0.98,,
85930,263.4141,16.3176,5.68,1.0,,
87314,267.6183,-53.6124,5.68,-0.1,,υ1 Ara
91883,280.965,31.9266,5.68,0.36,,
92747,283.5004,-21.3598,5.68,1.21,,
97634,297.6555,40.5998,5.68,-0.06,,
98375,299.7939,23.1013,5.68,0.34,,
100754,306.4189,21.4096,5.68,0.92,,
101899,309.748,30.3343,5.68,1.09,,
102155,310.4854,41.7169,5.68,-0.11,,
103312,313.9575,47.4177,5.68,0.41,,
105497,320.5017,49.3888,5.68,1.1,,
112542,341.9282,-14.0564,5.68,-0.02,,τ1 Aqr
113657,345.2816,-50.95,5.68,1.41,,
114210,346.9391,49.2958,5.68,0.45,,
114365,347.4339,59.3327,5.68,0.32,,
114449,347.6777,17.5944,5.68,1.33,,
116495,354.097,2.1022,5.68,0.45,,
2548,8.0991,6.9555,5.69,-0.01,,
4675,15.0148,44.7132,5.69,-0.01,,
7251,23.3571,58.3273,5.69,1.44,,
7463,24.0355,-29.9073,5.69,0.34,,Tau Scl
9021,29.039,37.2518,5.69,1.06,,
13942,44.9008,-25.2741,5.69,0.43,,Zeta For
19968,64.2231,61.85,5.69,-0.12,,
25223,80.9263,-0.1598,5.69,-0.21,,
25492,81.7845,30.2086,5.69,0.17,,
31137,97.993,-58.7538,5.69,-0.06,,Mu Pic
33827,105.3392,70.8083,5.69,1.34,,
34579,107.4293,-25.231,5.69,-0.16,,
37036,114.171,-19.7023,5.69,-0.17,,
37043,114.183,-48.8302,5.69,-0.04,,y2 Pup
38427,118.0787,-14.8462,5.69,0.37,,
54255,166.4899,-27.2879,5.69,-0.07,,χ2 Hya
59831,184.0315,40.6602,5.69,1.59,,
65198,200.4235,2.0872,5.69,0.04,,
65593,201.7338,-41.4976,5.69,1.48,,
66065,203.1496,-28.6928,5.69,0.04,,
68815,211.3328,-76.7968,5.69,1.24,,Theta Aps
79072,242.117,8.5343,5.69,1.57,,
83254,255.2422,22.6321,5.69,1.33,,
84950,260.439,53.4204,5.69,1.46,,
85147,261.0045,-62.8642,5.69,-0.15,,
86011,263.6771,-32.5817,5.69,0.04,,
87158,267.1032,20.5654,5.69,0.94,,
88122,269.9842,45.5014,5.69,1.56,,
90662,277.4831,-47.2205,5.69,1.26,,
92136,281.6805,-10.125,5.69,0.58,,
92937,284.0255,18.1054,5.69,1.09,,
93393,285.3223,26.2914,5.69,-0.09,,
98633,300.4942,-13.6372,5.69,0.08,,
100357,305.298,63.9801,5.69,1.56,,
101882,309.6833,13.3151,5.69,1.51,,Theta Del
103675,315.1154,19.3296,5.69,1.59,,
104148,316.5048,-30.1251,5.69,1.05,,Delta Mic
107253,325.8569,38.2836,5.69,-0.01,,
108060,328.4058,19.6684,5.69,0.01,,
109056,331.3945,28.964,5.69,-0.05,,
194,0.6238,8.4855,5.7,0.32,,c Psc
522,1.5799,-49.0752,5.7,0.52,,
3717,11.9301,-18.0613,5.7,1.3,,
5833,18.7049,-0.9738,5.7,0.43,,
7921,25.4499,-60.7893,5.7,1.26,,
7941,25.5125,-36.8323,5.7,-0.01,,
8714,28.039,50.7928,5.7,-0.07,,
9222,29.6396,49.2044,5.7,1.0,,
15619,50.2783,3.6756,5.7,0.96,,
18262,58.5965,-40.357,5.7,0.6,,
19511,62.699,-8.8198,5.7,1.06,,
28302,89.7218,12.8083,5.7,0.87,,
29151,92.2413,2.4997,5.7,0.07,,
29860,94.3172,5.1001,5.7,0.61,,
31771,99.6647,39.3909,5.7,1.37,,
31870,99.9278,-30.4705,5.7,1.13,,
35487,109.8674,-16.3952,5.7,0.35,,
36348,112.2145,48.1839,5.7,-0.09,,
38438,118.1239,-54.3672,5.7,-0.15,,
43026,131.5103,-2.0487,5.7,1.1,,
43797,133.7991,-54.9658,5.7,0.48,,
49339,151.0873,-24.2855,5.7,0.3,,
49934,152.9436,-58.0605,5.7,-0.12,,
53699,164.8073,-33.7376,5.7,0.37,,
54487,167.2045,24.6585,5.7,0.08,,
61571,189.2431,17.0895,5.7,1.44,,
62703,192.7412,-52.7874,5.7,0.13,,
64053,196.9095,-53.4598,5.7,-0.06,,
66320,203.8804,-5.3962,5.7,0.95,,
67848,208.4626,53.7287,5.7,-0.03,,
71974,220.8065,-24.9978,5.7,0.01,,
74380,227.9903,-48.7437,5.7,0.14,,κ2 Lup
78868,241.4826,-72.4009,5.7,1.17,,
85157,261.0274,22.9603,5.7,0.23,,
95690,291.9505,-54.3253,5.7,1.41,,
95823,292.3494,-43.4452,5.7,0.21,,
97966,298.6569,-8.2273,5.7,-0.08,,
99500,302.8955,62.0785,5.7,0.53,,
99841,303.849,33.7291,5.7,0.93,,
103389,314.1972,-26.2964,5.7,0.51,,
105652,320.9951,24.2741,5.7,0.31,,
106559,323.7127,-20.0843,5.7,0.42,,
107930,328.0043,55.7967,5.7,-0.08,,
111242,338.0676,76.2264,5.7,0.02,,
117567,357.6387,-14.4015,5.7,1.49,,
88,0.2691,-48.8099,5.71,0.91,,Tau Phe
1086,3.3785,41.0354,5.71,0.33,,
5296,16.9425,-9.7856,5.71,0.45,,
14930,48.1382,-57.3215,5.71,2.42,,
16112,51.8893,-35.6813,5.71,1.28,,χ2 For
19554,62.8345,5.523,5.71,0.36,,
21278,68.478,-6.7389,5.71,-0.13,,
22860,73.7784,-16.7407,5.71,0.95,,
22881,73.8277,-16.4178,5.71,0.87,,
23668,76.3175,-26.1524,5.71,1.17,,
26345,84.1487,-6.0648,5.71,-0.21,,
28499,90.244,47.9019,5.71,-0.01,,
29234,92.4498,-22.7743,5.71,0.45,,
31564,99.0952,-18.6599,5.71,0.85,,ν1 CMa
35005,108.6359,12.1158,5.71,1.01,,
40990,125.4775,-17.5863,5.71,1.05,,
41816,127.8772,24.0811,5.71,0.33,,υ1 Cnc
43148,131.8285,-46.1554,5.71,0.55,,
48613,148.7135,-50.244,5.71,0.01,,
49363,151.1513,53.8917,5.71,0.51,,
51933,159.1349,-12.2301,5.71,0.53,,
54522,167.3295,36.3094,5.71,1.4,,
56620,174.1456,-33.5701,5.71,1.02,,
59923,184.3774,28.9372,5.71,0.16,,
60610,186.3406,-35.1864,5.71,-0.07,,x2 Cen
62541,192.2259,14.1226,5.71,0.02,,
62732,192.8249,-60.3298,5.71,0.34,,
67787,208.3039,17.9329,5.71,0.84,,
73536,225.4538,-0.1403,5.71,1.51,,
75665,231.8878,-64.5315,5.71,1.65,,
77336,236.8222,14.1153,5.71,0.09,,Upsilon Ser
88964,272.3912,3.9933,5.71,0.36,,
90096,275.8007,-12.0148,5.71,0.01,,
90497,276.9949,6.1941,5.71,-0.03,,
90842,277.9843,-43.5074,5.71,1.32,,
92294,282.1579,-65.0777,5.71,0.27,,Theta Pav
95557,291.546,-15.0533,5.71,0.01,,
96258,293.5825,51.2366,5.71,0.47,,
98085,299.0053,16.6348,5.71,0.9,,
100221,304.903,62.2575,5.71,-0.04,,
105761,321.3043,-9.7486,5.71,0.21,,
108102,328.5432,-4.2762,5.71,1.19,,
1982,6.2767,53.0468,5.72,-0.06,,
2353,7.5098,-3.9573,5.72,1.54,,
3277,10.4433,-56.5013,5.72,0.13,,Xi Phe
10328,33.2638,15.2799,5.72,1.55,,
12072,38.9114,37.3123,5.72,1.39,,
12530,40.3083,-0.6957,5.72,0.51,,
15411,49.6715,-18.5598,5.72,0.38,,
16168,52.0862,33.8076,5.72,0.05,,
17534,56.3162,-47.3595,5.72,0.96,,
19983,64.2837,57.8604,5.72,1.11,,
20400,65.5147,14.0772,5.72,0.32,,
20842,67.0033,21.6199,5.72,0.27,,
22086,71.2673,-21.2834,5.72,1.48,,
27316,86.8048,14.4883,5.72,0.08,,
28909,91.5391,-66.0396,5.72,-0.02,,η1 Dor
29294,92.6445,-27.1543,5.72,1.07,,
31637,99.3076,-36.9907,5.72,-0.11,,
32740,102.4221,32.6068,5.72,1.3,,
35029,108.6917,-46.8497,5.72,-0.11,,
42146,128.8675,-7.9823,5.72,-0.0,,
43644,133.344,61.9623,5.72,0.3,,b UMa
43923,134.2081,45.6316,5.72,1.12,,
45158,137.9947,-19.7476,5.72,0.98,,
46457,142.1216,8.1883,5.72,1.04,,
47594,145.5618,69.2375,5.72,1.13,,
48287,147.6747,-46.9339,5.72,1.08,,
48561,148.5736,-45.2835,5.72,-0.11,,
59309,182.5142,5.807,5.72,0.35,,
59746,183.7854,70.2,5.72,1.18,,
66417,204.2462,24.6133,5.72,1.59,,
69763,214.1613,-66.5879,5.72,-0.1,,
72012,220.9351,40.4593,5.72,1.4,,
73166,224.2987,16.3881,5.72,0.95,,
73184,224.3667,-21.4155,5.72,1.02,,
75260,230.6601,63.3414,5.72,1.31,,
75352,230.9677,-12.3695,5.72,1.04,,
78970,241.8176,-36.7557,5.72,0.3,,
79666,243.8693,18.8081,5.72,1.13,,
85470,261.99,-52.2972,5.72,1.17,,
85888,263.2802,41.2434,5.72,1.09,,
88298,270.4766,-22.7803,5.72,-0.03,,
88636,271.4567,32.2307,5.72,1.18,,
95485,291.34,-13.8971,5.72,1.37,,
109831,333.6849,42.9539,5.72,0.01,,
111362,338.4194,56.6247,5.72,0.97,,
111974,340.2195,14.5492,5.72,0.72,,
113184,343.7957,-4.9879,5.72,0.88,,
113307,344.1992,-47.9692,5.72,0.23,,τ3 Gru
118114,359.387,-82.1698,5.72,1.05,,γ2 Oct
4200,13.4078,-62.8714,5.73,1.57,,
12871,41.3645,-63.7046,5.73,0.93,,Gamma Hor
20579,66.1215,34.1308,5.73,-0.05,,
21819,70.3323,28.615,5.73,0.02,,
25194,80.8501,-39.6784,5.73,1.63,,
26966,85.8403,-18.5575,5.73,-0.01,,
31190,98.1624,-32.0304,5.73,-0.18,,
33715,105.0659,16.079,5.73,1.64,,
37322,114.9326,-38.1393,5.73,-0.12,,d2 Pup
40023,122.6133,25.5073,5.73,0.82,,Psi Cnc
40772,124.8215,62.5072,5.73,0.89,,
44923,137.2675,-18.3285,5.73,0.0,,
47189,144.2608,16.438,5.73,1.22,,
50786,155.544,41.2295,5.73,0.53,,
53377,163.7424,34.0348,5.73,1.03,,
55797,171.488,55.8505,5.73,0.99,,
57029,175.3927,31.7461,5.73,0.44,,
57670,177.4238,34.9318,5.73,0.47,,
60329,185.5501,-68.3073,5.73,1.04,,ζ1 Mus
66400,204.2019,-26.4952,5.73,0.22,,
66727,205.1686,19.9557,5.73,0.02,,
67664,207.9476,-69.4013,5.73,1.7,,
77986,238.8775,42.5662,5.73,-0.1,,
78661,240.8806,76.7939,5.73,0.05,,
82422,252.6623,29.8065,5.73,1.63,,
83535,256.103,-57.7122,5.73,-0.1,,
86731,265.8399,24.3278,5.73,0.68,,
91973,281.2008,37.5946,5.73,0.28,,ζ2 Lyr
93552,285.8237,-38.2531,5.73,0.33,,
95656,291.8582,52.3204,5.73,-0.0,,
98754,300.8751,16.0313,5.73,-0.1,,
98767,300.9059,29.8968,5.73,0.75,,
99825,303.8225,-27.033,5.73,0.88,,
100859,306.7594,49.3834,5.73,0.34,,
104978,318.9411,-53.2631,5.73,0.19,,
106654,324.0457,-26.1715,5.73,0.23,,
107162,325.5957,41.077,5.73,0.06,,
111546,338.9679,39.6343,5.73,-0.16,,
113222,343.9354,36.3514,5.73,-0.05,,
117088,356.0502,-64.4045,5.73,1.39,,
1354,4.2377,61.5332,5.74,0.9,,
3765,12.0957,5.2806,5.74,0.89,,
12002,38.6776,-7.8594,5.74,1.39,,
12122,39.0386,-30.045,5.74,1.02,,ι1 For
12640,40.5914,20.0115,5.74,-0.02,Koleon,Mu Ari
14677,47.4031,29.0771,5.74,0.12,,
16142,52.0039,-11.2866,5.74,1.1,,
17342,55.6781,59.9694,5.74,1.74,,
20825,66.9418,-62.5212,5.74,1.0,,
23474,75.6874,-22.7951,5.74,1.19,,
26344,84.1467,54.4287,5.74,1.67,,
28984,91.7396,-21.8123,5.74,1.58,,
30840,97.1635,-32.3713,5.74,-0.16,,
32810,102.5973,-31.7061,5.74,0.09,,
33277,103.8278,25.3757,5.74,0.57,,
34387,106.9562,7.4712,5.74,1.18,,
35643,110.3229,45.2282,5.74,0.34,,
38783,119.0777,-60.5264,5.74,1.55,,
41299,126.3981,2.1022,5.74,1.53,,
42923,131.2164,-37.1472,5.74,-0.14,,
44504,136.0017,54.2839,5.74,0.03,,
45962,140.6,-46.0474,5.74,0.9,,
46813,143.085,-19.4003,5.74,0.14,,
50448,154.5084,65.1084,5.74,0.16,,
52338,160.4511,68.4435,5.74,1.31,,
52487,160.9633,-64.249,5.74,0.01,,
54829,168.3783,-59.6193,5.74,-0.11,,
56080,172.4244,15.4133,5.74,1.37,,
61212,188.15,-13.8591,5.74,0.38,,
65595,201.7367,78.6439,5.74,0.77,,
66666,204.9992,-49.95,5.74,1.5,,
67942,208.7046,-67.6521,5.74,1.49,,
71111,218.1289,55.398,5.74,1.53,,
71280,218.6651,49.3684,5.74,1.56,,
71453,219.1839,-40.2116,5.74,-0.11,,
71568,219.5525,43.6421,5.74,1.48,,
72250,221.6208,-47.4411,5.74,0.07,,
74750,229.1529,-60.904,5.74,-0.06,,
75974,232.7324,64.2087,5.74,0.98,,
77645,237.7784,-55.0555,5.74,0.02,,
78279,239.7423,-65.0376,5.74,-0.07,,
79349,242.9085,23.4948,5.74,1.52,,
81734,250.427,1.1812,5.74,0.34,,
82110,251.5884,-58.5036,5.74,-0.1,,
83196,255.0396,-24.9891,5.74,0.41,,
84769,259.9046,80.1364,5.74,1.5,,
86313,264.5396,-10.9263,5.74,1.23,,
88038,269.732,-36.8584,5.74,0.92,,
88136,270.0384,80.0041,5.74,0.52,,
88684,271.5633,-4.7513,5.74,0.97,,
90664,277.4864,-57.5231,5.74,0.99,,
90991,278.4126,-14.8536,5.74,0.04,,
91315,279.3896,62.5266,5.74,-0.04,,
98332,299.672,-69.164,5.74,0.22,,
106886,324.7401,57.489,5.74,0.2,,
108165,328.7215,56.6112,5.74,0.66,,
109209,331.8691,19.4755,5.74,0.33,,
117125,356.1702,-78.7914,5.74,1.11,,
117314,356.8163,-11.9111,5.74,1.07,,
7276,23.4285,-7.0253,5.75,0.64,,
7916,25.4368,-11.3247,5.75,0.44,,
10718,34.4995,57.8998,5.75,1.18,,
14060,45.2918,-7.663,5.75,1.04,Aludhi,ρ1 Eri
19525,62.7459,33.5868,5.75,1.41,,
22936,74.0295,52.8698,5.75,0.1,,
24426,78.6202,-35.977,5.75,1.01,,
26019,83.2808,-35.1394,5.75,1.08,,
29225,92.4333,23.1135,5.75,0.19,,
30827,97.142,30.493,5.75,0.78,,
31940,100.1203,77.9958,5.75,1.49,,
32617,102.0794,-1.3189,5.75,0.29,,
32698,102.3184,-2.272,5.75,-0.1,,
33024,103.2061,8.3804,5.75,0.27,,
34360,106.8441,-23.8407,5.75,-0.12,,
34722,107.8461,26.8566,5.75,0.13,,
35152,108.9882,27.8974,5.75,1.6,,
36396,112.3421,-10.3267,5.75,1.62,,
41515,126.9976,-35.1138,5.75,-0.15,,
43798,133.8018,-18.2412,5.75,1.33,,
46657,142.6921,-31.8892,5.75,0.07,,ζ1 Ant
48982,149.9009,29.6452,5.75,1.06,,
54840,168.4141,-53.2318,5.75,1.31,,
59229,182.2242,-44.326,5.75,0.24,,
62894,193.3412,-60.3285,5.75,0.29,,
63024,193.7355,47.1967,5.75,1.45,,
65466,201.2778,23.8544,5.75,0.09,,
74066,227.0505,-40.5839,5.75,-0.11,,
74239,227.5776,-26.3326,5.75,1.04,,
74582,228.5799,-70.0795,5.75,3.27,,
79005,241.9017,-12.7454,5.75,0.02,,
80375,246.1056,55.2051,5.75,0.0,,
85185,261.1314,16.301,5.75,0.07,,
86782,265.9966,53.8017,5.75,0.02,Alruba,
97473,297.1752,11.8159,5.75,0.55,,Pi Aql
98478,300.0963,-66.9494,5.75,1.03,,μ1 Pav
102092,310.3486,-31.5983,5.75,1.55,,
102208,310.6468,82.5312,5.75,0.0,,
104364,317.1362,-63.9283,5.75,1.18,,
104516,317.5649,53.5631,5.75,-0.11,,
105282,319.8698,49.5103,5.75,-0.12,,
106003,322.0344,32.2253,5.75,0.33,,
109023,331.2972,26.6737,5.75,1.25,,
110023,334.2771,-5.3872,5.75,0.88,,
110103,334.5527,62.8044,5.75,1.26,,
115537,351.0553,-51.8912,5.75,1.61,,
115755,351.7808,42.912,5.75,-0.01,,
7751,24.9481,-56.1964,5.76,0.88,,p Eri
8993,28.9627,23.5773,5.76,1.19,,
12692,40.7618,55.106,5.76,-0.11,,
13654,43.9521,18.3316,5.76,1.45,,
16285,52.4798,-42.6343,5.76,0.2,,
16511,53.1498,9.3734,5.76,-0.07,,t Tau
17579,56.477,24.5545,5.76,-0.04,Asterope,
18212,58.4113,48.6505,5.76,1.04,,
20268,65.1719,6.1308,5.76,0.91,,
21192,68.1565,-3.2095,5.76,-0.12,,
22325,72.1356,-16.3295,5.76,0.54,,
26219,83.8145,-33.0797,5.76,1.12,,
29433,93.0056,19.7905,5.76,-0.07,,
30069,94.9207,-34.3966,5.76,-0.08,,
30591,96.4319,-48.1769,5.76,-0.06,,G Pup
30836,97.1559,-17.466,5.76,1.12,,
31737,99.5959,28.9844,5.76,-0.0,,
37329,114.9495,-38.2607,5.76,-0.07,,d3 Pup
38474,118.1994,-5.4283,5.76,0.41,,
42090,128.6829,36.4196,5.76,0.05,,
44936,137.298,-12.3577,5.76,0.94,,
51561,157.9893,-45.0667,5.76,-0.19,,s Vel
56445,173.5915,3.0602,5.76,0.48,,
61379,188.6766,-44.673,5.76,0.68,,
62576,192.3227,27.5524,5.76,0.05,,
64445,198.1372,11.5561,5.76,1.5,,
65144,200.2404,-46.88,5.76,1.11,,
65420,201.1385,-5.164,5.76,0.41,,
68276,209.6622,21.6962,5.76,-0.0,,
72378,221.9898,-26.6462,5.76,-0.01,,
72487,222.3278,46.1162,5.76,0.48,Merga,h Boo
74184,227.3746,-67.0841,5.76,0.68,,
76568,234.5676,46.7978,5.76,0.35,,
78045,239.0246,-60.4825,5.76,0.09,,
80054,245.1052,-55.1397,5.76,0.97,,
80898,247.806,22.1955,5.76,1.6,,
83367,255.5779,25.5056,5.76,1.02,,
84690,259.6993,-44.1297,5.76,-0.05,,
85068,260.7797,-56.5255,5.76,0.99,,
85169,261.0783,-60.6738,5.76,-0.07,,
86254,264.3796,24.31,5.76,0.11,,
87836,269.1743,-28.0654,5.76,0.21,,
89968,275.3458,-18.86,5.76,0.67,,
90762,277.7685,16.9286,5.76,0.05,,
91322,279.3998,-0.3095,5.76,0.07,,e Ser
91854,280.9056,-64.5514,5.76,0.97,,
95572,291.6006,13.0238,5.76,0.46,,
96141,293.2243,-53.1856,5.76,0.3,,
97816,298.1572,-54.971,5.76,0.92,,
97928,298.5345,-8.5742,5.76,1.66,,
100097,304.6031,55.3971,5.76,0.12,,
101427,308.3235,-80.9649,5.76,1.12,,
103673,315.0895,-51.2653,5.76,0.48,,
105696,321.1034,-41.0067,5.76,-0.04,,θ2 Mic
109620,333.0935,63.291,5.76,1.65,,
110602,336.1128,-13.5294,5.76,0.97,,
110785,336.6558,4.3938,5.76,0.52,,
111196,337.9063,-85.9673,5.76,1.02,,Upsilon Oct
113503,344.7992,11.7288,5.76,0.29,,
117756,358.2105,-8.9968,5.76,1.17,,h Aqr
1191,3.7271,-9.5696,5.77,-0.08,,
2006,6.3509,1.9397,5.77,0.85,,
5361,17.1394,58.2634,5.77,-0.02,,
20591,66.1561,33.9597,5.77,0.4,,
22336,72.1516,-5.674,5.77,0.63,,
25583,82.0067,17.2391,5.77,1.63,,
25751,82.4782,1.7893,5.77,-0.19,,
32809,102.5907,-17.0846,5.77,1.44,,
34888,108.28,-11.2513,5.77,1.51,,
35941,111.1394,27.6379,5.77,0.37,,
37369,115.0612,38.3445,5.77,1.65,,
38994,119.7106,-60.8245,5.77,-0.08,,
40155,122.9999,-46.6444,5.77,0.63,,
40344,123.5552,-35.49,5.77,1.02,,
46225,141.3635,-61.9505,5.77,0.14,,
47013,143.723,72.2057,5.77,0.53,,
50027,153.2015,4.6147,5.77,1.18,,
52452,160.8372,4.7477,5.77,1.17,,
54811,168.3112,-44.3722,5.77,1.66,,
56078,172.4109,-24.464,5.77,0.07,,
59607,183.3543,-38.9292,5.77,-0.14,,
64692,198.8831,40.8552,5.77,0.2,,
67663,207.9467,-46.8987,5.77,-0.15,,
68390,210.0005,-25.0104,5.77,0.48,,
74006,226.8581,-49.0886,5.77,0.92,,
76376,233.9877,54.6306,5.77,0.05,,
81300,249.0894,-2.3246,5.77,0.83,,
81641,250.1612,4.2198,5.77,-0.0,,
85139,260.9901,8.8526,5.77,1.25,,
87558,268.3091,6.1014,5.77,0.42,,
90804,277.8571,-10.7958,5.77,0.38,,
104185,316.626,31.1847,5.77,0.55,,
106393,323.2358,49.9776,5.77,-0.04,,
106897,324.755,20.2655,5.77,0.31,,
114775,348.7443,-41.1054,5.77,1.16,,
115280,350.2219,38.1823,5.77,0.47,,
117491,357.3645,1.0761,5.77,0.17,,
117628,357.8385,9.3134,5.77,1.66,,
343,1.0825,-16.529,5.78,1.08,,
1074,3.3318,-84.994,5.78,1.71,,
2876,9.1139,60.3262,5.78,0.29,,
8046,25.8323,60.5513,5.78,-0.01,,
8433,27.1732,32.6902,5.78,0.57,,
8778,28.2171,-16.9292,5.78,0.26,,
12186,39.2442,-34.578,5.78,0.65,,λ2 For
12803,41.1374,15.3119,5.78,-0.02,,Omicron Ari
14893,48.0594,27.257,5.78,-0.11,,
15876,51.1238,33.536,5.78,-0.0,,
18081,57.9738,34.3591,5.78,-0.04,,
20297,65.2419,-81.5799,5.78,0.36,,Nu Men
21148,68.0077,53.9108,5.78,0.12,,
21588,69.5394,16.0333,5.78,0.31,,
22024,71.0222,-8.5036,5.78,-0.08,,
25041,80.4315,8.4286,5.78,-0.11,,
25397,81.4993,-19.6954,5.78,0.44,,
27280,86.7172,9.5223,5.78,0.89,,
29388,92.9025,48.711,5.78,0.1,,
29451,93.0838,32.6934,5.78,1.65,,
30463,96.0577,-60.2813,5.78,-0.0,,
31446,98.8159,0.8902,5.78,0.0,,
32851,102.7076,-0.5409,5.78,0.4,,
33914,105.5729,15.336,5.78,1.14,,
34215,106.4126,9.1858,5.78,1.51,,
35120,108.9143,7.9777,5.78,1.54,,
36362,112.2705,-31.4562,5.78,-0.18,,
36848,113.645,-27.0123,5.78,1.04,,
37223,114.6829,-36.4968,5.78,-0.15,,e Pup
38160,117.3038,-60.2837,5.78,0.43,,
38210,117.4208,-66.196,5.78,-0.04,,
39221,120.3366,59.0474,5.78,0.42,,
43669,133.4527,-60.3539,5.78,-0.09,,
45122,137.8891,-46.5839,5.78,-0.22,,
50078,153.3666,-51.7558,5.78,0.14,,
58952,181.313,76.9057,5.78,1.03,Tonatiuh,
60969,187.4758,-56.5249,5.78,1.57,,
61498,189.0043,-39.8695,5.78,0.0,,
64332,197.787,-42.2329,5.78,0.52,,
72208,221.5248,15.1318,5.78,1.33,,
72934,223.5953,-11.8983,5.78,0.98,,ξ1 Lib
77562,237.5295,-53.2098,5.78,-0.08,,
77990,238.8849,-60.1776,5.78,0.35,,
78142,239.3389,-36.1853,5.78,1.09,,
79497,243.3446,-55.5409,5.78,0.36,,Zeta Nor
82775,253.7438,-41.1509,5.78,0.13,,
85699,262.6983,86.968,5.78,0.24,,
86552,265.3177,-46.9218,5.78,-0.0,,
87393,267.8978,-60.1641,5.78,1.01,,
91405,279.628,-23.5049,5.78,-0.02,,
93845,286.66,24.2508,5.78,0.1,,
101475,308.4785,46.6939,5.78,-0.14,,
103226,313.6992,-17.9229,5.78,1.12,,
105928,321.8117,-21.1962,5.78,1.44,,
107887,327.8927,19.8267,5.78,-0.1,,
109471,332.656,11.6245,5.78,1.62,,
110668,336.2942,-70.4316,5.78,0.4,,
117887,358.6943,0.1093,5.78,1.47,,
1657,5.1897,32.9112,5.79,1.59,,
7118,22.9302,-30.2831,5.79,1.07,,
10540,33.9419,25.7829,5.79,0.44,,
12114,39.0204,6.8869,5.79,0.92,,
12444,40.0518,-9.4529,5.79,0.52,,
15192,48.9499,57.1406,5.79,0.64,,
16591,53.396,39.8995,5.79,0.14,,
17585,56.5039,67.2016,5.79,0.35,,
21253,68.3915,-62.8237,5.79,1.03,,
22913,73.959,15.0403,5.79,-0.09,,
23068,74.4527,23.9486,5.79,1.11,,
23088,74.5391,25.0504,5.79,0.02,,k Tau
26169,83.6866,-73.7413,5.79,1.72,,
27549,87.5112,9.8712,5.79,0.88,,
28899,91.5231,-29.7586,5.79,0.04,,
30011,94.7457,-20.9256,5.79,-0.15,,
31992,100.2727,0.4953,5.79,-0.09,,
35998,111.2846,-13.752,5.79,0.43,,
36024,111.3553,-25.2178,5.79,-0.1,,
36251,111.9653,-11.5569,5.79,0.58,,
37508,115.466,13.4805,5.79,1.67,,
42177,128.9668,-50.9697,5.79,-0.13,,E Vel
43012,131.4798,-79.5044,5.79,1.59,,
43603,133.2001,-38.7241,5.79,1.51,,
45743,139.8881,-15.8347,5.79,1.28,,
45915,140.4304,56.6992,5.79,1.51,,
48339,147.8003,-59.4258,5.79,1.35,,
51420,157.5269,38.9251,5.79,0.09,,
52478,160.9306,57.1992,5.79,-0.04,,
54561,167.4725,-32.3675,5.79,0.03,,
54863,168.5076,8.0607,5.79,1.13,,
60463,185.9364,-38.9114,5.79,-0.06,,
63414,194.9147,-3.8119,5.79,0.2,,k Vir
64179,197.3018,10.0225,5.79,1.02,,
66681,205.0446,-64.5766,5.79,0.4,,
76532,234.4502,-23.1417,5.79,1.07,,
78649,240.8307,36.6318,5.79,0.59,,
80672,247.0603,-37.1799,5.79,1.1,,
83150,254.8915,-69.2682,5.79,-0.1,,
88817,271.9563,26.0973,5.79,0.13,,
91118,278.8025,18.2034,5.79,0.01,,
94434,288.307,-25.9068,5.79,1.39,,
95793,292.2541,1.9504,5.79,0.09,,c Aql
97985,298.701,36.9957,5.79,0.77,,
102026,310.1355,-16.1242,5.79,1.0,,
106592,323.8234,-3.9833,5.79,1.11,,
108758,330.4608,52.8823,5.79,-0.11,,
109240,331.9596,21.7029,5.79,-0.08,,
110578,336.0287,-4.837,5.79,-0.03,,
110992,337.2926,26.7632,5.79,1.25,,
113048,343.4173,44.7492,5.79,0.28,,
113902,345.9985,-41.4789,5.79,1.07,,
171,0.5423,27.0823,5.8,0.69,,
418,1.2756,61.314,5.8,-0.07,,
3583,11.44,-47.552,5.8,0.64,,
4267,13.6468,19.1884,5.8,-0.02,,
5550,17.7928,37.7241,5.8,-0.1,,
12239,39.4003,65.7453,5.8,1.56,,
13055,41.9488,81.4485,5.8,1.3,,
13834,44.5218,20.6687,5.8,0.41,,
18217,58.4304,57.9751,5.8,0.18,,
19571,62.9008,-20.3562,5.8,0.17,,
23916,77.0841,-8.6653,5.8,-0.06,,
25708,82.3487,-3.4464,5.8,1.15,,
28855,91.3632,-35.5136,5.8,0.03,,
33248,103.7614,-20.4049,5.8,0.05,,
34339,106.7795,-40.8933,5.8,-0.16,,D Pup
34975,108.5452,-3.9018,5.8,1.58,,
35785,110.7169,55.2814,5.8,-0.08,,
35984,111.2379,51.8873,5.8,1.61,,
37710,116.0404,-36.0625,5.8,0.32,,
38848,119.2477,15.7903,5.8,1.28,,
40866,125.0874,20.7477,5.8,1.14,,
42028,128.5067,-2.1516,5.8,0.01,,
44075,134.6831,-16.1327,5.8,0.52,,
44256,135.1906,-60.9638,5.8,1.21,,
47498,145.2591,-57.2595,5.8,1.08,,
47943,146.5419,6.7086,5.8,1.64,,
49764,152.3757,-68.6828,5.8,0.01,,
50493,154.658,-56.1104,5.8,0.48,,
52980,162.5752,-8.8978,5.8,0.16,,
55716,171.2455,11.4303,5.8,1.38,,
55849,171.6969,-53.1599,5.8,0.52,,
56601,174.0748,27.7814,5.8,0.25,,
59920,184.3733,53.1913,5.8,1.33,,
72210,221.5282,-23.153,5.8,0.98,,
72552,222.4933,28.6158,5.8,0.05,,
76878,235.478,18.464,5.8,0.21,,τ7 Ser
79757,244.1866,29.1503,5.8,0.06,,Upsilon CrB
85998,263.6529,9.5867,5.8,0.04,,f Oph
92367,282.3639,-45.8101,5.8,0.89,,
98512,300.2014,-45.1129,5.8,0.29,,
98819,301.0259,17.0702,5.8,0.6,,
109332,332.2458,-18.5196,5.8,-0.15,,
110009,334.219,-9.0401,5.8,1.16,,
111660,339.304,75.3718,5.8,1.59,,
113031,343.3696,-11.6165,5.8,-0.08,,
5494,17.581,25.4578,5.81,1.47,,
10871,34.9761,-55.9448,5.81,1.57,,
11090,35.7096,41.3963,5.81,0.29,,
12148,39.1461,7.73,5.81,1.04,,
14187,45.7328,-46.975,5.81,1.3,,
16368,52.7154,-66.4897,5.81,-0.06,,
17798,57.1488,-20.903,5.81,1.6,,
20465,65.7736,-24.8922,5.81,1.51,,
24732,79.5552,73.2681,5.81,-0.02,,
26545,84.6814,-40.7073,5.81,-0.08,,
28287,89.6564,-44.0346,5.81,1.06,,
32402,101.4738,-52.4097,5.81,1.55,,
35202,109.1327,-38.3189,5.81,-0.13,,
50384,154.3106,23.1062,5.81,0.5,,
53762,164.9974,-43.8071,5.81,-0.06,,
64927,199.6155,34.0983,5.81,1.37,,
65247,200.5679,-52.183,5.81,0.07,,
66563,204.6753,-29.5609,5.81,0.43,,
67143,206.4037,-26.116,5.81,0.02,,
77738,238.069,55.8267,5.81,0.97,,
86620,265.4921,72.1569,5.81,0.53,Dsiban,Psi Dra
89609,274.2985,-17.3739,5.81,1.57,,
90342,276.4949,29.8289,5.81,0.07,,
95222,290.5898,-0.2523,5.81,1.09,,
99026,301.5577,53.1657,5.81,0.45,,
99663,303.3651,60.6406,5.81,1.48,,
105413,320.2701,7.3545,5.81,1.66,,
114167,346.8116,-50.6867,5.81,0.49,,
115191,349.9684,42.078,5.81,1.51,,
116582,354.3835,44.429,5.81,-0.06,,
118281,359.8721,33.7239,5.81,0.54,,
7078,22.8073,70.2646,5.82,0.49,,
13835,44.5239,-23.606,5.82,1.33,,
16340,52.654,48.1036,5.82,-0.03,,
16846,54.197,0.5878,5.82,0.89,,
17891,57.4025,63.297,5.82,0.19,,
22573,72.8676,-34.9063,5.82,0.1,,
28992,91.7653,-34.312,5.82,-0.14,,
30703,96.7672,-58.0021,5.82,1.28,,
31072,97.8046,-35.2588,5.82,0.81,,
31173,98.1133,32.4549,5.82,0.19,,
38159,117.3036,-46.8577,5.82,-0.14,,
41621,127.2815,-44.1604,5.82,-0.16,,
55581,170.7839,-56.7794,5.82,-0.0,,
59728,183.7483,-20.8442,5.82,1.05,,
60584,186.2634,56.7778,5.82,1.62,,
64822,199.308,-43.9795,5.82,0.19,,
65536,201.5336,72.3915,5.82,1.65,,
68079,209.0824,-46.5929,5.82,1.14,,
74096,227.1482,25.1086,5.82,1.23,,
75944,232.6683,-16.6095,5.82,1.06,,
76207,233.5071,-40.0664,5.82,1.7,,
76569,234.5678,-21.0163,5.82,1.08,,
78442,240.2131,4.4274,5.82,1.0,,
85207,261.1751,-21.4415,5.82,0.94,,
87812,269.0767,0.6704,5.82,0.06,,
91532,280.0016,-7.7908,5.82,1.54,,
91974,281.2067,-25.0109,5.82,0.03,,
92027,281.3682,5.5001,5.82,0.04,,
92488,282.7438,-9.7741,5.82,0.59,,
93580,285.8844,1.8188,5.82,0.18,,
95785,292.2378,24.7687,5.82,1.02,,
100276,305.0892,17.7929,5.82,1.5,,
111600,339.1477,-31.6638,5.82,1.07,,
112590,342.046,37.4167,5.82,1.02,,
113084,343.5291,40.3769,5.82,1.14,,
116250,353.3316,-77.3853,5.82,0.68,,
3299,10.5143,66.1476,5.83,1.04,,
5021,16.081,61.5802,5.83,0.57,,
8544,27.5357,22.2753,5.83,0.74,,
13108,42.1337,18.2838,5.83,1.22,,
26396,84.2869,26.9245,5.83,-0.07,,
29379,92.8846,24.4203,5.83,1.11,,
29575,93.476,-3.7414,5.83,0.91,,
29629,93.6529,-4.5685,5.83,-0.15,,
35749,110.6058,-5.9828,5.83,0.35,,
36812,113.5662,3.3717,5.83,-0.02,,δ3 CMi
39380,120.7673,-32.4635,5.83,1.23,,
40077,122.795,-48.462,5.83,-0.15,,
45559,139.2822,-14.5741,5.83,1.05,,
45675,139.6765,-51.5607,5.83,0.47,,
48748,149.1479,-33.4185,5.83,1.2,,
56035,172.269,61.7784,5.83,0.38,,
58181,178.9934,56.5986,5.83,1.1,,
62512,192.1644,60.3198,5.83,0.47,,
67861,208.4885,-47.1282,5.83,-0.05,,
70663,216.8007,-46.1343,5.83,0.31,,
71573,219.5634,54.0233,5.83,0.01,,
73566,225.5268,-28.0606,5.83,0.16,,
80351,246.0451,6.9482,5.83,0.02,,o Her
81289,249.0467,46.6133,5.83,1.04,,
81472,249.6095,-43.3984,5.83,-0.05,,
85379,261.6843,48.2601,5.83,0.12,,x Her
85760,262.8644,-80.8591,5.83,1.62,,
88818,271.9565,26.1013,5.83,0.16,,
97376,296.8657,38.4076,5.83,-0.09,,
100069,304.5291,40.7321,5.83,0.07,,
103359,314.1062,50.7286,5.83,0.34,,
103810,315.5375,56.6696,5.83,-0.06,,
104680,318.0571,-40.2694,5.83,0.45,,
105164,319.5461,-4.5195,5.83,-0.13,,
108875,330.8293,11.3866,5.83,-0.05,,
110787,336.6767,78.7859,5.83,0.17,,
114382,347.489,-42.8613,5.83,0.47,,
840,2.5786,-5.2486,5.84,0.97,,
873,2.6785,-12.5799,5.84,1.0,,
6502,20.879,-30.9456,5.84,1.61,,
9132,29.4323,27.8044,5.84,1.58,,
10035,32.2887,-43.5166,5.84,1.2,,
11840,38.2192,34.5424,5.84,1.08,,
12288,39.5778,-30.1941,5.84,0.48,,ι2 For
14110,45.4838,-9.9614,5.84,1.09,,
15305,49.3608,-47.7517,5.84,1.23,,
19454,62.5068,86.6261,5.84,0.39,,
22407,72.3295,32.5882,5.84,0.25,,
23148,74.7124,-82.4705,5.84,0.93,,Xi Men
23883,76.981,21.7048,5.84,0.17,,
34758,107.9234,-20.8831,5.84,-0.04,,
35025,108.6749,24.885,5.84,1.55,,
36721,113.2907,-24.7107,5.84,0.16,,
50336,154.174,25.3707,5.84,1.21,,
52139,159.7818,37.91,5.84,0.59,,
56606,174.0932,-61.0524,5.84,-0.1,,
61916,190.3458,-46.1456,5.84,1.48,,
63143,194.0732,54.0995,5.84,0.2,,
64587,198.5722,-78.4475,5.84,1.04,,
64623,198.6803,-48.957,5.84,1.06,,
69829,214.3685,15.2634,5.84,1.68,,
71002,217.8185,-67.7172,5.84,1.01,,
74539,228.4721,-26.1936,5.84,1.14,,
76594,234.6425,50.4233,5.84,0.85,,
78168,239.4186,-20.9831,5.84,0.01,,
81741,250.4394,-33.1458,5.84,0.65,,
82716,253.6123,-42.4789,5.84,0.63,,
85889,263.2808,-41.1731,5.84,0.04,,
87472,268.0823,-34.4168,5.84,1.13,,
88670,271.5308,-8.324,5.84,0.18,,
91461,279.8096,-47.9098,5.84,0.23,,
92822,283.6964,48.8594,5.84,0.45,,
95188,290.4621,-18.3084,5.84,1.06,,ρ2 Sgr
95582,291.6195,19.8915,5.84,1.56,,
95732,292.0867,2.93,5.84,-0.0,,
99572,303.1078,-12.6175,5.84,0.48,,Xi Cap
106062,322.2491,22.1794,5.84,1.37,,
108226,328.8792,65.3208,5.84,-0.04,,
111810,339.7191,19.5223,5.84,0.92,,
112417,341.5426,44.5461,5.84,0.36,,
12686,40.748,53.5261,5.85,1.12,,
18606,59.7183,-5.4699,5.85,1.0,,
20271,65.1785,-7.5925,5.85,-0.12,,d Eri
21604,69.566,20.6847,5.85,-0.02,,
33377,104.1336,46.274,5.85,-0.08,,ψ9 Aur
34819,108.1099,24.1286,5.85,0.4,,
44406,135.6867,7.2983,5.85,1.1,,
45314,138.5342,-44.1458,5.85,-0.11,,
45386,138.7382,-37.6024,5.85,0.83,,k1 Vel
48734,149.1082,8.9332,5.85,1.13,,
52922,162.3518,-59.3238,5.85,0.01,,
52948,162.4312,-9.8527,5.85,1.07,,
57841,177.9234,-30.8348,5.85,0.55,,
59608,183.3581,10.2623,5.85,0.26,,
66798,205.3746,64.8224,5.85,0.07,,
72959,223.658,-33.3006,5.85,1.43,,
74100,227.1633,-42.8679,5.85,-0.12,,
76509,234.3834,54.5087,5.85,1.1,,
77370,236.908,55.3766,5.85,0.25,,
91438,279.7225,-21.0519,5.85,0.67,,
94336,288.021,49.8558,5.85,0.67,,
95352,290.9854,43.3882,5.85,0.92,,
111643,339.2452,-40.591,5.85,0.06,,σ2 Gru
113622,345.1788,3.0118,5.85,1.34,,
114641,348.3604,11.065,5.85,1.0,,
117722,358.125,-14.2512,5.85,1.25,,
1372,4.2877,47.9474,5.86,-0.08,,
3750,12.0381,72.6745,5.86,1.01,,
8387,27.0456,16.9556,5.86,-0.04,,
10326,33.2541,-21.0001,5.86,1.01,,
13339,42.9239,46.8419,5.86,0.9,,
16989,54.6219,-7.3919,5.86,0.98,,
20341,65.3627,-0.0982,5.86,1.32,,
21972,70.84,49.9738,5.86,0.01,,
23475,75.6891,-4.2101,5.86,1.21,,
25488,81.7722,-40.9435,5.86,0.24,,
25887,82.9,-45.9253,5.86,1.35,,
29616,93.6191,17.9064,5.86,0.25,,
31039,97.6963,58.1626,5.86,0.93,,
33937,105.6387,16.6744,5.86,1.66,,
35347,109.5177,-43.9868,5.86,-0.12,,M Pup
36399,112.3568,-7.5512,5.86,0.49,,
38712,118.881,8.8628,5.86,0.37,,
40357,123.5995,-45.8345,5.86,-0.18,,
43370,132.5093,-29.463,5.86,0.95,,
45585,139.3649,-74.7346,5.86,-0.02,,
46618,142.5937,-15.5774,5.86,1.19,,
46736,142.8877,-35.7148,5.86,1.29,,
48893,149.5949,72.8795,5.86,1.16,,
49893,152.8032,37.4019,5.86,1.28,,
53778,165.0487,-14.0834,5.86,1.5,,
61420,188.784,21.8814,5.86,1.24,,
61720,189.7644,-30.4224,5.86,1.21,,
69929,214.6594,-18.716,5.86,0.01,,
71182,218.3749,-52.6795,5.86,1.08,,
71184,218.3849,-54.9986,5.86,0.48,,
72567,222.5659,23.9118,5.86,0.58,,
77052,236.0076,2.5152,5.86,0.68,,Psi Ser
77541,237.4896,-48.9124,5.86,0.07,,
79098,242.1822,-23.6854,5.86,0.02,,
79320,242.8238,-41.1198,5.86,0.27,,
82172,251.8323,42.2389,5.86,1.5,,
82621,253.3551,-20.4156,5.86,0.69,,
85049,260.7301,-58.0103,5.86,1.07,,
88101,269.9032,-4.8211,5.86,1.56,,
89099,272.7732,-41.3591,5.86,0.29,,
89115,272.8158,-75.8915,5.86,1.25,,
89234,273.1419,-73.6724,5.86,0.46,,
94157,287.4902,-41.8923,5.86,-0.08,,
97081,295.9379,41.7731,5.86,1.6,,
100062,304.5058,-21.81,5.86,1.0,,
100738,306.3618,-28.6633,5.86,1.1,,
102772,312.3234,-25.7812,5.86,-0.07,,
112997,343.2594,16.8412,5.86,1.13,,
116380,353.746,71.642,5.86,1.68,,
117503,357.4207,36.4253,5.86,0.81,,
207,0.6504,66.099,5.87,1.07,,
5926,19.0496,71.7438,5.87,2.04,,
6226,19.9512,-0.509,5.87,0.64,,
9572,30.744,-15.3059,5.87,0.97,,
20804,66.8699,11.2123,5.87,0.05,,
26487,84.5047,7.5414,5.87,-0.06,,
27533,87.4729,-22.9719,5.87,0.06,,
28011,88.8757,-4.6165,5.87,1.17,,
30666,96.6649,-1.5073,5.87,0.07,,
31665,99.41,56.8575,5.87,0.01,,
32753,102.4577,16.2029,5.87,-0.14,,
35341,109.5092,40.8834,5.87,0.18,,
35626,110.2681,-25.8916,5.87,1.6,,
36444,112.4988,-52.6512,5.87,1.01,,
37915,116.5439,-37.9337,5.87,-0.11,,
39184,120.2081,-54.1513,5.87,-0.13,,
39191,120.2328,25.3928,5.87,1.02,,Omega Cnc
46652,142.6801,33.6557,5.87,1.03,,
52841,162.0588,-31.6879,5.87,0.03,,
55763,171.3879,-37.7476,5.87,1.5,,
62360,191.6926,-33.3155,5.87,1.33,,
62641,192.5448,37.5169,5.87,0.17,,
67836,208.4296,-53.3733,5.87,0.01,,
69965,214.7537,-25.8154,5.87,0.52,,
70657,216.7795,-65.8216,5.87,1.5,,
77909,238.6647,-25.2437,5.87,-0.07,,
84248,258.3245,-67.1966,5.87,1.07,,
86219,264.287,72.4558,5.87,1.02,,
86847,266.175,-42.7293,5.87,0.16,,
90637,277.3988,23.8662,5.87,-0.1,,
98416,299.9473,-9.9582,5.87,0.6,,
99889,304.0026,45.5795,5.87,0.45,,
100574,305.9349,37.4764,5.87,-0.17,,
102891,312.6741,-12.5449,5.87,1.07,,
105412,320.268,-4.5601,5.87,0.91,,
109730,333.4112,28.608,5.87,1.17,,
1493,4.6594,31.5172,5.88,-0.01,,
2475,7.8568,33.5816,5.88,1.13,,
3093,9.8409,21.2505,5.88,0.85,,
4346,13.9267,-7.3471,5.88,1.52,,
7601,24.4815,-82.975,5.88,0.62,,
11348,36.5015,-15.3412,5.88,0.12,,
11670,37.6348,25.235,5.88,0.41,,
14086,45.4068,-28.0916,5.88,0.79,,Epsilon For
19129,61.5133,68.68,5.88,1.54,,
20020,64.4178,-63.2554,5.88,-0.06,,Theta Ret
21323,68.6583,28.9612,5.88,-0.05,,
24203,77.939,1.037,5.88,0.66,,
26865,85.5582,-22.3737,5.88,0.08,,
28854,91.3626,-10.2426,5.88,0.37,,
29679,93.785,-20.2722,5.88,1.32,,
29852,94.2899,-37.2535,5.88,0.14,,
30545,96.3189,-0.9459,5.88,0.56,,
30972,97.5124,46.6856,5.88,1.45,,
31159,98.08,4.856,5.88,1.0,,
31946,100.1344,71.7488,5.88,1.22,,
32226,100.911,3.9325,5.88,-0.05,,
33415,104.2335,46.7054,5.88,1.09,,
40305,123.4591,56.4522,5.88,1.02,,
41074,125.7081,-26.3482,5.88,0.38,,
41935,128.2291,38.0164,5.88,1.11,,
44024,134.4815,-48.5729,5.88,1.06,,
46620,142.5976,-58.3618,5.88,1.68,,
50685,155.2639,68.7477,5.88,0.24,,
53723,164.8789,-16.3537,5.88,1.6,,
55086,169.1744,49.4763,5.88,1.1,,
61181,188.0416,-73.0011,5.88,1.08,,
61558,189.1973,-5.8319,5.88,0.07,,f Vir
62402,191.829,62.7812,5.88,0.21,,
65323,200.8287,-4.9244,5.88,1.43,,
65550,201.5692,46.0281,5.88,0.98,,
67194,206.5564,41.0887,5.88,0.21,,
71353,218.8812,-41.5174,5.88,-0.09,,
73310,224.7233,-11.144,5.88,1.27,,
73493,225.3046,-38.0584,5.88,1.25,,
74296,227.7867,-84.7878,5.88,-0.03,,Omega Oct
74901,229.6089,-0.4612,5.88,1.51,,
83176,254.9904,-25.0922,5.88,1.61,,
87460,268.0569,-34.7992,5.88,-0.11,,
90915,278.1923,23.6168,5.88,1.49,,
90930,278.2306,-73.9656,5.88,0.99,,
94013,287.1075,52.4257,5.88,1.09,,
94630,288.8536,30.5264,5.88,1.67,,
97783,298.05,-19.045,5.88,0.98,,
98609,300.4363,24.8004,5.88,-0.13,,
104171,316.5971,71.4318,5.88,0.39,,
107232,325.7683,-14.3997,5.88,0.26,,
109972,334.1107,57.2202,5.88,0.95,,
111259,338.1099,39.7797,5.88,0.17,,
111394,338.5121,-1.5743,5.88,0.98,,
111934,340.0929,-30.6589,5.88,1.3,,
114366,347.436,-28.0886,5.88,1.31,,
1630,5.1017,30.9356,5.89,-0.1,,
2903,9.1971,15.2317,5.89,-0.15,,
3170,10.107,-59.4546,5.89,0.56,,
9001,28.977,37.2778,5.89,1.6,,
9307,29.8987,21.0586,5.89,1.03,,
9353,30.0382,3.097,5.89,0.61,,
11033,35.5208,-17.6622,5.89,1.23,,
11381,36.6467,-20.0426,5.89,1.25,,
11548,37.2021,29.9318,5.89,0.59,,
13121,42.1913,25.1881,5.89,-0.03,,
13949,44.9162,41.0329,5.89,1.45,,
14502,46.8292,64.0576,5.89,-0.02,,
18735,60.2032,18.194,5.89,0.32,,
19284,61.9976,17.3399,5.89,1.5,,
24162,77.8299,-2.4908,5.89,0.46,,
28139,89.206,11.5211,5.89,1.11,,
28271,89.6018,1.8371,5.89,0.22,,
37031,114.1446,5.8622,5.89,0.6,,
37752,116.1424,-37.9429,5.89,-0.12,,
38267,117.5993,-50.5095,5.89,1.09,,
40875,125.1086,57.7433,5.89,0.42,,
41081,125.7298,-52.1237,5.89,0.02,,
41676,127.4425,67.2974,5.89,0.97,,
42008,128.4312,4.757,5.89,1.07,,
43121,131.7334,12.11,5.89,0.12,,A2 Cnc
44283,135.2855,-68.6839,5.89,1.63,,
44307,135.3505,32.2523,5.89,0.09,,
50860,155.7764,33.9081,5.89,0.15,,
52043,159.511,-57.2563,5.89,-0.13,,
54537,167.4104,43.2077,5.89,1.56,,
56287,173.0833,-66.9618,5.89,1.14,,
58103,178.75,-63.2792,5.89,0.21,,
58720,180.6571,-69.1923,5.89,-0.08,,
58858,181.0692,21.4592,5.89,0.25,,
62931,193.4538,-60.3762,5.89,0.2,,Kappa Cru
63033,193.7438,-44.152,5.89,0.63,,
65241,200.5404,5.1548,5.89,0.11,,
67605,207.7884,34.6644,5.89,1.64,,
69493,213.42,-0.8455,5.89,0.49,,
72432,222.1585,-36.6347,5.89,1.37,,
75565,231.5613,-68.3092,5.89,1.0,,
77442,237.1434,28.1567,5.89,0.61,Variabilis Coronae,
79357,242.9483,42.3746,5.89,1.46,,
80212,245.6211,-43.9121,5.89,1.12,,
81710,250.3463,-68.2961,5.89,-0.08,,η1 TrA
84500,259.1321,1.2105,5.89,0.02,,
86248,264.3638,-50.0597,5.89,1.11,,
88469,270.9685,-24.3607,5.89,0.03,,
92117,281.6191,-0.9617,5.89,0.13,,
92312,282.2224,19.3287,5.89,0.02,,
93104,284.5079,38.2662,5.89,-0.09,,
93574,285.8735,-68.7555,5.89,0.55,,
96016,292.8401,26.6172,5.89,0.92,,
96234,293.5354,-40.0346,5.89,0.1,,
96620,294.6716,54.9738,5.89,0.48,,
97229,296.4164,7.6132,5.89,0.18,,Upsilon Aql
101084,307.363,56.0682,5.89,-0.05,,
101843,309.5775,-81.2891,5.89,1.69,,
103460,314.4194,-16.0315,5.89,0.18,,
105269,319.8424,38.2375,5.89,0.51,,
112833,342.7626,85.3737,5.89,1.34,,
114745,348.6546,74.2313,5.89,-0.01,,
116853,355.2871,-11.6807,5.89,0.98,,
116918,355.4862,7.2505,5.89,0.1,,
330,1.0569,62.2877,5.9,0.27,,
3193,10.1766,-4.3518,5.9,1.09,,
3456,11.0504,-38.4217,5.9,1.14,,λ2 Scl
3834,12.3081,-24.1367,5.9,0.94,,
7321,23.5692,37.2371,5.9,-0.07,,
7359,23.7044,18.4605,5.9,1.54,,
11102,35.7278,-51.0921,5.9,0.21,,
19076,61.3344,22.0089,5.9,0.62,,A2 Tau
20873,67.0975,14.741,5.9,0.33,,
24294,78.2005,-6.0572,5.9,0.96,,
27973,88.7458,31.7015,5.9,0.14,,
28343,89.8407,49.9245,5.9,1.19,,
28823,91.2641,42.9816,5.9,0.36,,
33372,104.1076,9.9566,5.9,-0.09,,
34982,108.5647,-9.9475,5.9,1.53,,
35476,109.8432,2.7407,5.9,1.07,,
36143,111.6769,-34.1407,5.9,-0.15,,
36640,113.024,-8.8813,5.9,0.54,,
37995,116.8023,-22.5195,5.9,-0.18,,
39251,120.4064,-37.2837,5.9,0.15,,
42614,130.2722,-48.9227,5.9,-0.19,,
43894,134.1271,40.2015,5.9,0.38,,
46460,142.1273,-66.7019,5.9,0.01,,
47544,145.3963,31.2778,5.9,1.58,,
48519,148.4289,5.9586,5.9,1.66,,
51556,157.9641,32.3796,5.9,0.11,,
53530,164.2827,-50.765,5.9,0.17,,
55249,169.729,1.6504,5.9,1.04,,
57606,177.1613,14.2842,5.9,0.3,,
60030,184.668,-0.7872,5.9,0.17,,
64515,198.3473,-50.6998,5.9,-0.01,,
68092,209.1162,1.0506,5.9,0.22,,
71571,219.5583,18.2984,5.9,1.1,,
72296,221.7712,-38.2906,5.9,1.34,,
73087,224.0551,14.4463,5.9,-0.03,,
74386,228.0178,18.976,5.9,1.41,,
75696,231.9643,60.6702,5.9,1.44,,
78877,241.5266,-23.6063,5.9,-0.07,,
85409,261.8019,-50.6304,5.9,0.06,,
90485,276.9562,-29.8169,5.9,0.52,,
97122,296.0767,69.3371,5.9,0.07,,
98526,300.2457,8.5577,5.9,1.53,,
101067,307.335,36.4547,5.9,0.41,,
114407,347.5406,-40.5915,5.9,1.56,,
8404,27.1084,3.6854,5.91,0.97,,
10440,33.6331,-41.1668,5.91,0.96,,
11867,38.2793,-34.65,5.91,1.06,,λ1 For
12181,39.2383,38.7336,5.91,0.5,,
14109,45.4756,26.4624,5.91,0.14,,
15514,49.9825,27.0711,5.91,0.86,,
16518,53.1667,35.4617,5.91,-0.08,,
17595,56.539,6.8035,5.91,0.99,,
17618,56.6143,-29.3382,5.91,0.11,,Sigma For
17805,57.1623,0.2279,5.91,1.22,,
20380,65.4659,56.5063,5.91,0.11,,
20417,65.5947,20.8214,5.91,1.66,,
21452,69.1008,64.2616,5.91,-0.01,,
23408,75.4598,0.7221,5.91,1.27,,
29678,93.7853,13.8511,5.91,-0.23,,
33421,104.2522,33.681,5.91,0.88,,
34798,108.0509,-25.9426,5.91,-0.17,,
35509,109.9485,7.1429,5.91,0.54,,
39995,122.5157,58.2482,5.91,1.36,,
42172,128.9624,6.6202,5.91,0.53,,
42452,129.8234,52.7116,5.91,1.17,,
46482,142.1963,-62.2731,5.91,1.1,,
46734,142.884,-31.8718,5.91,0.26,,ζ2 Ant
49812,152.5314,-8.4082,5.91,0.03,,
50103,153.4413,-40.3461,5.91,1.2,,
51610,158.14,-44.6185,5.91,0.92,,
53257,163.3779,69.8539,5.91,1.01,,
53423,163.9267,0.7369,5.91,0.42,,
53449,164.0061,6.1854,5.91,1.26,,
59517,183.0916,-62.9508,5.91,0.25,,
60308,185.4893,-56.3744,5.91,1.53,,
62103,190.9085,-1.577,5.91,0.85,,
62861,193.2674,-54.9525,5.91,1.31,,
64226,197.4494,16.8486,5.91,1.45,,
64246,197.5134,38.499,5.91,0.29,,
64466,198.2033,-66.2267,5.91,0.05,,
64580,198.5504,-58.6839,5.91,1.08,,
66454,204.3478,-46.4279,5.91,-0.11,,
66903,205.6633,78.0644,5.91,1.0,,
67782,208.2928,28.6481,5.91,0.2,,
71115,218.1356,22.2601,5.91,0.39,,
72438,222.1856,-66.5936,5.91,-0.11,,
72773,223.1469,-63.8098,5.91,0.66,,
73350,224.8463,4.5678,5.91,1.61,,
73507,225.3629,60.2045,5.91,0.11,,
78747,241.1534,-37.863,5.91,0.41,,
79596,243.5932,-33.0111,5.91,1.02,,
82350,252.3944,13.2611,5.91,0.01,,
82672,253.5015,-57.9095,5.91,1.59,,
83478,255.9138,13.6053,5.91,0.01,,
83491,255.9623,-38.1526,5.91,0.41,,
84709,259.7382,-34.9898,5.91,1.08,,
85048,260.7281,-37.2208,5.91,1.07,,
87491,268.1477,1.305,5.91,1.57,,
92133,281.6795,52.988,5.91,-0.1,,
92931,284.0028,-23.1738,5.91,-0.02,,
93179,284.6955,13.9066,5.91,0.25,,
94556,288.6648,-45.1935,5.91,0.9,,
95038,290.0668,57.6451,5.91,1.63,,
95456,291.2668,-29.3094,5.91,1.28,,
97598,297.5586,-47.5574,5.91,1.68,,
97774,298.0299,47.9318,5.91,-0.17,,
99531,303.0029,26.4788,5.91,-0.11,,
100017,304.3805,66.8537,5.91,0.6,,
101870,309.6458,23.6805,5.91,0.95,,
102358,311.0919,56.4884,5.91,1.64,,
102487,311.5416,-21.514,5.91,0.07,,
104105,316.3719,78.1264,5.91,-0.07,,
112778,342.5907,41.9534,5.91,0.06,,
113174,343.761,37.0768,5.91,0.4,,
114430,347.6133,43.5442,5.91,0.45,,
116323,353.5376,-1.2476,5.91,0.3,,
3760,12.0725,7.2999,5.92,1.1,,
4962,15.9042,61.0748,5.92,0.51,,
6564,21.0854,-6.9147,5.92,0.41,,
6631,21.2721,-64.3695,5.92,1.56,,
7016,22.5954,-26.2079,5.92,1.33,,
8588,27.7166,11.0434,5.92,0.3,,
13225,42.5616,-35.8436,5.92,0.9,,η2 For
14844,47.9278,81.4707,5.92,0.15,,
14913,48.1073,-44.4197,5.92,0.44,,
23446,75.595,-31.7713,5.92,1.17,,
25471,81.7033,34.3918,5.92,0.14,,
26108,83.5169,-1.4703,5.92,1.53,,
27965,88.7362,19.7496,5.92,-0.14,,
30986,97.547,-10.0815,5.92,1.37,,
31037,97.6929,-27.7696,5.92,-0.16,,
32366,101.3456,-31.7937,5.92,0.49,,
32463,101.6351,8.5872,5.92,-0.17,,
37364,115.0564,-19.6609,5.92,1.16,,
40881,125.1339,24.0223,5.92,-0.04,Piautos,Lambda Cnc
41080,125.7254,-7.5431,5.92,1.64,,
42001,128.4101,-38.8488,5.92,-0.11,,
42265,129.274,9.6556,5.92,0.08,,c Cnc
43589,133.1609,-48.3591,5.92,-0.15,,
45270,138.3936,-47.3384,5.92,-0.05,,
46897,143.3585,-22.8639,5.92,0.02,,
52863,162.169,-1.9589,5.92,1.61,,
62561,192.2778,83.4178,5.92,0.01,,
64390,197.9643,-69.942,5.92,0.41,,
66247,203.6685,-13.2143,5.92,0.02,,y Vir
66878,205.5962,82.7524,5.92,0.99,,
67210,206.5794,38.5036,5.92,0.95,,
67292,206.8652,-50.2493,5.92,0.28,,
68333,209.8228,-50.3696,5.92,0.96,,
73415,225.0471,-77.1606,5.92,1.05,,
80991,248.107,60.8233,5.92,0.04,,
81729,250.4029,26.9169,5.92,0.4,,
98383,299.8351,45.7725,5.92,0.18,,
103360,314.1079,49.1958,5.92,1.05,,
104968,318.9269,77.0123,5.92,1.53,,
108195,328.7975,-61.8866,5.92,0.39,,
110532,335.884,-7.1944,5.92,1.0,,
112067,340.4894,14.5164,5.92,1.11,,
114921,349.1658,-44.4892,5.92,1.05,,
636,1.9454,-22.5086,5.93,0.14,,
2611,8.2933,54.895,5.93,1.04,,
5594,17.9313,-2.2511,5.93,1.4,,
13473,43.3933,-38.437,5.93,0.44,,Psi For
13479,43.3972,-22.3763,5.93,1.04,,
14036,45.1839,10.8704,5.93,1.59,,
15004,48.3495,48.177,5.93,0.97,,
15357,49.5108,-28.7971,5.93,0.34,,
16029,51.5939,-27.3175,5.93,0.93,,
16358,52.6892,6.1887,5.93,0.95,,
18199,58.3888,-46.8937,5.93,1.22,,
18723,60.1694,-30.4907,5.93,0.04,,
24019,77.4379,28.0305,5.93,0.31,,
25790,82.609,15.3604,5.93,0.1,,
26762,85.2733,0.3378,5.93,0.31,,
27249,86.6266,56.1156,5.93,0.16,,
27737,88.0842,-57.1562,5.93,0.66,,
28790,91.1671,-45.0789,5.93,0.49,,
29196,92.3852,22.1903,5.93,1.63,,
31448,98.8233,9.9883,5.93,1.51,,
34017,105.8769,29.3371,5.93,0.59,,
35304,109.3905,52.1311,5.93,1.26,,
37046,114.196,55.7551,5.93,1.12,,
37140,114.4744,48.7738,5.93,0.22,,
37428,115.2438,23.0185,5.93,1.56,,
37949,116.667,65.4557,5.93,1.18,,
45461,138.9691,72.9463,5.93,0.18,,
49164,150.5004,-60.4209,5.93,0.26,,
50885,155.8603,-4.074,5.93,-0.05,,
50993,156.2476,-58.5763,5.93,0.32,,
53394,163.8218,-60.517,5.93,1.06,,
55874,171.7897,-12.3567,5.93,0.49,,Kappa Crt
58158,178.9172,-28.4771,5.93,1.5,,
63165,194.132,-72.1852,5.93,1.11,,
63688,195.7722,-71.4757,5.93,0.0,,
68670,210.8604,-56.2134,5.93,1.21,,
69995,214.8495,-37.0029,5.93,0.08,,
71759,220.1766,13.5343,5.93,0.24,,
76424,234.1218,16.1191,5.93,0.35,,τ5 Ser
77086,236.0945,-41.8191,5.93,-0.01,,
78542,240.5232,52.9159,5.93,1.5,,
79120,242.2453,3.4545,5.93,1.47,,
79137,242.2967,6.3787,5.93,0.99,,
79953,244.7967,49.0382,5.93,1.37,,
81523,249.7718,-37.2174,5.93,-0.04,,
83896,257.1981,-30.4037,5.93,0.28,,
84731,259.8021,-59.6946,5.93,1.39,,
85520,262.1621,-55.1697,5.93,1.11,,
87074,266.9032,-14.7258,5.93,0.01,,
87813,269.0793,-15.8125,5.93,0.02,,
90844,277.9875,-1.003,5.93,0.17,,
91347,279.4768,-21.3977,5.93,0.19,,
92398,282.4413,32.8128,5.93,-0.15,,ν1 Lyr
93624,285.9898,-51.0186,5.93,1.24,,
93763,286.4216,-15.6604,5.93,-0.01,,
94311,287.9417,31.2835,5.93,-0.06,,
96977,295.6859,32.4267,5.93,0.12,,
103836,315.6132,-38.531,5.93,1.11,,
103956,315.9484,53.2859,5.93,1.0,,
105811,321.4459,36.6674,5.93,0.03,,
109577,332.9639,16.0406,5.93,0.95,,
112041,340.4002,41.5491,5.93,1.0,,
112241,341.0217,39.4653,5.93,1.49,,
117541,357.5614,-9.9741,5.93,1.13,,
117761,358.2315,-3.1555,5.93,1.07,,
1096,3.426,-26.0223,5.94,1.55,,
2377,7.5831,59.9776,5.94,-0.0,,
2787,8.8868,-0.5056,5.94,0.44,,
3521,11.2377,-42.6766,5.94,0.3,,
7643,24.6145,-36.5283,5.94,1.04,,
8423,27.1622,37.9529,5.94,0.97,,
8593,27.7268,-50.2061,5.94,0.15,,
10234,32.8993,-1.8254,5.94,0.97,,
13367,42.9948,68.8885,5.94,0.7,,
15669,50.4689,49.0709,5.94,0.47,,
19376,62.2565,13.3983,5.94,0.05,,
20619,66.2722,-61.2382,5.94,1.53,,
21247,68.3778,72.5286,5.94,0.31,,
25291,81.1605,31.1431,5.94,0.03,,
31676,99.4224,61.4812,5.94,0.9,,
32938,102.9268,-36.2303,5.94,0.18,,
34358,106.8433,34.0093,5.94,1.51,,
34817,108.1076,-36.5444,5.94,-0.14,,
36156,111.7347,20.2576,5.94,0.34,,
38167,117.311,-35.2433,5.94,-0.05,,
41117,125.841,18.3322,5.94,0.17,,d1 Cnc
41578,127.1556,14.2108,5.94,0.2,,
45661,139.608,35.3641,5.94,0.18,,
56148,172.6297,43.1732,5.94,0.52,,
56318,173.1981,-7.8275,5.94,1.38,,
56727,174.4516,-67.6204,5.94,1.01,,
60157,185.0449,-22.1757,5.94,0.82,,
70384,216.0037,8.244,5.94,0.07,,
77272,236.6448,55.4748,5.94,1.4,,
82902,254.1199,-52.2837,5.94,-0.07,,
84105,257.9112,-48.8734,5.94,1.79,,
85382,261.6923,34.6958,5.94,-0.02,,
86266,264.4009,-15.571,5.94,0.36,,
87390,267.8856,-40.7725,5.94,1.57,,
88694,271.5988,-36.0198,5.94,0.61,,
101123,307.4746,-18.5832,5.94,0.06,,Omicron Cap
104101,316.3613,5.9582,5.94,0.54,,
107374,326.222,62.4606,5.94,0.31,,
108849,330.7659,-76.1184,5.94,0.4,,
111925,340.0767,53.8459,5.94,0.95,,
113686,345.3821,-4.7115,5.94,0.99,,
4903,15.7261,41.3452,5.95,0.16,,
5661,18.1893,-37.8565,5.95,0.28,,
7447,23.9782,17.4338,5.95,0.26,,
12821,41.2071,67.8246,5.95,0.14,,
16664,53.6109,24.4644,5.95,0.12,,
17846,57.2838,43.9631,5.95,0.28,,
19996,64.3301,-6.4722,5.95,1.08,,
20241,65.0601,41.8081,5.95,0.96,,
20892,67.1627,-19.4589,5.95,1.22,,
21042,67.668,-35.6535,5.95,1.0,,
23261,75.0764,39.3947,5.95,0.41,,
27253,86.6455,1.1682,5.95,0.77,,
27713,88.0322,-9.0419,5.95,0.1,,
28085,89.0595,-22.84,5.95,1.11,,
31599,99.1942,-13.321,5.95,1.56,,
33729,105.099,-8.4068,5.95,-0.07,,
35054,108.7381,-41.4264,5.95,-0.15,,
35127,108.9302,-10.5836,5.95,1.17,,
36345,112.2131,-31.8484,5.95,-0.16,,
36496,112.6288,-54.3994,5.95,1.58,,
37478,115.3965,3.6248,5.95,-0.03,,
40693,124.5998,-12.6322,5.95,0.75,,
41321,126.465,-64.6006,5.95,0.97,,
42147,128.8696,-26.8435,5.95,0.39,,
43899,134.1422,-16.7087,5.95,1.54,,
44892,137.1972,26.6291,5.95,0.65,,
44897,137.2128,33.8822,5.95,0.58,,
46859,143.2324,-13.5168,5.95,1.5,,
48191,147.367,-37.1868,5.95,1.25,,
48527,148.4587,-51.1467,5.95,-0.15,,
50319,154.1345,23.5031,5.95,0.66,,
52577,161.2668,67.4114,5.95,2.38,,
53035,162.7725,-3.0927,5.95,1.48,,
53334,163.6233,-61.8266,5.95,1.74,,
54049,165.9025,-0.0008,5.95,1.22,,p3 Leo
56473,173.677,16.7969,5.95,-0.16,,
56970,175.177,-53.9686,5.95,1.67,,
58460,179.8231,33.167,5.95,1.15,,
58921,181.2384,-60.9683,5.95,1.69,,
59050,181.5959,-65.7095,5.95,0.61,,
59285,182.4221,1.8979,5.95,1.12,,
60595,186.299,-11.6106,5.95,0.04,,
62207,191.2475,39.2789,5.95,0.56,,
64224,197.4387,-10.3293,5.95,1.49,,
68009,208.912,-82.6662,5.95,1.41,,
76716,234.9856,-59.9083,5.95,0.51,,
76877,235.4778,-76.082,5.95,-0.03,,
77939,238.7515,-19.3829,5.95,-0.01,,
79797,244.2726,-67.9413,5.95,0.16,,
82650,253.4268,-43.051,5.95,1.64,,
83235,255.1541,-35.9341,5.95,1.16,,
84226,258.244,-32.4383,5.95,0.07,,
84425,258.8998,-38.5939,5.95,0.58,,
87875,269.268,0.0667,5.95,0.11,,
90606,277.3331,-80.2327,5.95,1.17,,
93862,286.7317,-48.2991,5.95,-0.02,,
98461,300.0664,-37.7017,5.95,0.99,,
100501,305.6887,41.026,5.95,1.63,,
103545,314.6743,-14.4831,5.95,0.24,,
111045,337.4417,-27.1073,5.95,0.36,,
116368,353.7057,-15.246,5.95,1.35,,
116714,354.7924,75.2929,5.95,0.12,,
117265,356.6531,66.7822,5.95,-0.05,,
117500,357.4141,28.8424,5.95,0.19,,
118092,359.3329,-62.9566,5.95,0.1,,
1706,5.3699,-77.4269,5.96,1.4,,
8598,27.738,51.9334,5.96,0.42,,
9631,30.9507,-0.3403,5.96,0.85,,
10296,33.1564,24.1678,5.96,1.37,,
15968,51.4011,-69.3364,5.96,0.41,,
22361,72.2098,75.9412,5.96,0.28,,
24786,79.7103,-18.1301,5.96,0.57,,
26535,84.6582,-6.574,5.96,-0.22,,
27560,87.5544,4.4234,5.96,1.36,,
27747,88.0975,19.8678,5.96,0.55,,
33603,104.7376,3.6024,5.96,1.06,,
33929,105.6064,17.7555,5.96,1.52,,
34002,105.8246,9.1384,5.96,0.13,,
34349,106.8054,-51.9683,5.96,1.0,,
35084,108.8384,-52.4992,5.96,1.1,,
39527,121.1767,-50.5904,5.96,1.21,,
39659,121.5766,22.6355,5.96,1.65,,
40932,125.3004,-57.9732,5.96,-0.09,,
41328,126.4816,-14.9297,5.96,0.17,,
42365,129.5791,32.802,5.96,1.11,,
43553,133.049,45.3128,5.96,1.23,,
43587,133.1492,28.3308,5.96,0.87,Copernicus,ρ1 Cnc
45590,139.3799,46.8172,5.96,0.06,,
47224,144.3683,-36.096,5.96,1.12,,
47401,144.8661,67.2722,5.96,1.53,,
52127,159.7484,-58.8169,5.96,1.69,,
56452,173.6229,-32.8313,5.96,0.81,,
61158,187.9838,-63.5058,5.96,0.26,,
66427,204.275,-44.1432,5.96,0.94,,
66924,205.7293,-41.401,5.96,1.02,,
66984,205.917,-42.0675,5.96,-0.07,,
68455,210.2185,-66.2689,5.96,0.35,,
69174,212.396,-51.5047,5.96,-0.05,,
70894,217.4605,0.8289,5.96,0.16,,
74696,228.9736,-48.0737,5.96,0.21,,
81966,251.1656,-53.1523,5.96,1.23,,
89440,273.804,-20.388,5.96,-0.02,,
89448,273.8212,68.7558,5.96,1.05,,
93537,285.7659,-19.2457,5.96,1.16,,
100256,305.0008,13.5481,5.96,0.3,,
101082,307.3649,81.0913,5.96,0.94,,
103371,314.1449,44.9247,5.96,0.02,,
106642,324.0104,45.3746,5.96,1.34,,
107302,326.004,-14.7494,5.96,0.22,,
107350,326.1305,14.7719,5.96,0.59,,
108505,329.723,62.698,5.96,1.64,,
110179,334.7531,-13.305,5.96,1.07,,
115144,349.8504,-18.0754,5.96,1.53,,
4572,14.6294,66.3518,5.97,-0.01,,
5510,17.6398,2.4457,5.97,1.49,,
5778,18.5318,16.1335,5.97,-0.08,,
6492,20.854,20.469,5.97,1.68,,
7906,25.4135,30.0471,5.97,1.01,,
9533,30.6462,13.4767,5.97,1.58,,
13679,44.0574,8.3816,5.97,0.48,,
14764,47.6616,11.8726,5.97,-0.06,,
15334,49.4406,39.2834,5.97,0.06,,
17027,54.7547,-5.6262,5.97,0.92,,
18170,58.2919,17.3271,5.97,0.35,,
20614,66.238,19.042,5.97,0.38,,
21847,70.4594,38.2802,5.97,0.59,,
22697,73.1963,27.8975,5.97,0.37,,
23831,76.854,-12.4913,5.97,0.61,,
26386,84.2683,11.035,5.97,1.59,,
26926,85.7246,-6.7962,5.97,0.45,,
27435,87.1456,-4.0946,5.97,0.64,,
27588,87.6251,2.0247,5.97,0.95,,
28110,89.1168,9.5094,5.97,-0.04,,
29771,94.032,-16.618,5.97,-0.17,,
41250,126.2384,-42.7698,5.97,-0.16,,
48802,149.3067,57.4182,5.97,0.9,,
50480,154.6177,-41.6685,5.97,-0.06,,
52340,160.4647,-79.7833,5.97,-0.07,,
63533,195.2901,17.1231,5.97,0.97,,
65545,201.5476,-1.1925,5.97,0.18,,
67239,206.6805,25.7022,5.97,0.52,,
67485,207.4396,61.4893,5.97,0.97,,
73937,226.6383,-30.9185,5.97,-0.08,,
76311,233.8175,53.9221,5.97,1.18,,
79938,244.7518,-14.8728,5.97,1.48,,
84656,259.597,38.8114,5.97,1.01,,
86575,265.3847,6.3132,5.97,1.27,,
86871,266.2328,-57.5455,5.97,0.91,,
89047,272.6318,54.2866,5.97,0.94,,
96760,295.0299,-23.4291,5.97,1.04,,
99171,302.0076,-0.6782,5.97,1.02,,
101986,310.0132,43.4589,5.97,1.19,,
104752,318.329,-36.4235,5.97,0.97,,
105224,319.7168,11.2034,5.97,1.61,,
105727,321.2065,80.5248,5.97,0.95,,
106340,323.0607,-33.9446,5.97,0.05,,
108975,331.1532,-26.8224,5.97,-0.17,,
109602,333.0337,24.9506,5.97,1.5,,
111515,338.9016,-23.9911,5.97,0.98,,
113801,345.6844,-20.8707,5.97,0.95,,
114189,346.8696,21.1343,5.97,0.26,,
518,1.5659,58.4367,5.98,0.69,,
3697,11.8485,6.741,5.98,0.94,,
6711,21.5779,43.4577,5.98,0.52,,
7740,24.9201,16.4059,5.98,1.12,,
12562,40.3922,-14.5493,5.98,0.43,,
15241,49.1466,32.184,5.98,0.99,,
16339,52.654,-47.3751,5.98,0.12,,
16599,53.4127,54.9749,5.98,0.11,,
21986,70.8948,-8.7943,5.98,0.65,,
22840,73.7113,0.4672,5.98,-0.12,,
24831,79.8487,-27.3689,5.98,-0.02,,
26606,84.8263,29.2152,5.98,0.14,,
28562,90.4294,48.9594,5.98,1.44,,
36055,111.4633,-5.775,5.98,0.9,,
36236,111.9289,-22.8592,5.98,-0.09,,
39014,119.7575,-45.2158,5.98,-0.14,,
41674,127.4401,-46.3317,5.98,-0.13,,
43550,133.0418,42.0027,5.98,1.25,,
45412,138.8094,34.6335,5.98,0.84,,
49844,152.6572,-41.7152,5.98,1.24,,
51623,158.1992,-58.6667,5.98,0.29,,
52827,162.0225,-59.9192,5.98,0.27,,
57165,175.8633,-37.1902,5.98,1.45,,
64033,196.8512,-59.8605,5.98,0.43,,
66907,205.681,34.989,5.98,0.86,,
68498,210.3351,8.8949,5.98,0.09,,
74224,227.5305,-38.7925,5.98,0.87,,
74561,228.5252,31.7878,5.98,1.55,,
77412,237.0554,13.7891,5.98,1.27,,
83216,255.1123,-48.6478,5.98,0.88,,
83693,256.5841,-37.2276,5.98,0.08,,
83854,257.0619,-17.6091,5.98,1.01,,
84402,258.8345,-14.5841,5.98,1.1,,
85442,261.9065,-29.7246,5.98,0.01,,
85543,262.2337,-36.7783,5.98,1.11,,
88550,271.2099,-35.9014,5.98,1.16,,
89156,272.938,33.4471,5.98,0.04,,
93287,285.0149,-66.6536,5.98,0.98,,
95999,292.7957,-68.4339,5.98,1.64,,
96481,294.2186,11.2732,5.98,0.88,,
96840,295.273,13.8157,5.98,-0.08,,
103652,315.0166,7.5162,5.98,0.28,,
107129,325.5045,35.5102,5.98,2.5,,
109466,332.6406,-4.2669,5.98,0.98,,
111967,340.2038,-57.4223,5.98,1.45,,
115065,349.5972,41.7737,5.98,0.21,,
116728,354.8381,74.0026,5.98,0.89,,
671,2.0731,-8.8241,5.99,1.03,,
2159,6.8113,-25.5472,5.99,1.02,,
3352,10.6748,-60.2628,5.99,1.32,,
4552,14.5592,33.9509,5.99,1.0,,
4998,16.01,52.5022,5.99,1.45,,
10729,34.5191,57.5163,5.99,1.04,Misam al Thurayya,Chi Per
11095,35.7179,-73.6458,5.99,1.09,,Kappa Hyi
12608,40.5275,-38.3837,5.99,0.92,,
18339,58.8172,-12.0991,5.99,0.32,,
22176,71.5701,18.7347,5.99,1.22,,
22220,71.6853,40.3126,5.99,0.93,,
24575,79.0756,34.3123,5.99,0.2,,
25187,80.8271,-8.4156,5.99,-0.04,,
25816,82.7027,41.462,5.99,1.11,,
26624,84.8798,-3.5647,5.99,0.29,,
27939,88.6835,0.9686,5.99,1.33,,
29692,93.8238,-18.4772,5.99,1.06,,
29711,93.8736,-4.9147,5.99,0.1,,
31876,99.9488,12.9828,5.99,0.06,,
34914,108.3501,-22.6742,5.99,1.48,,
35712,110.5145,0.1771,5.99,-0.07,,
37345,114.9916,-37.5794,5.99,-0.04,,d4 Pup
39236,120.3762,16.4553,5.99,-0.02,,
46101,141.0229,-61.6489,5.99,1.06,,
47559,145.4497,-55.2138,5.99,-0.12,,
53272,163.4253,-70.7203,5.99,-0.02,,
53726,164.8866,36.0931,5.99,1.59,,
55280,169.8185,-64.5825,5.99,0.47,,
62058,190.7882,-56.1762,5.99,-0.07,,
62786,192.9872,-39.6804,5.99,-0.1,,
63494,195.1498,-3.3685,5.99,1.12,,
70363,215.9524,-53.1762,5.99,1.1,,
70987,217.7952,-38.8697,5.99,1.06,,
75256,230.6552,62.0471,5.99,-0.03,,
81854,250.7762,77.514,5.99,0.43,,
81992,251.2508,-28.5097,5.99,0.1,,
82611,253.3232,47.4167,5.99,1.32,,
82806,253.8529,-63.2697,5.99,0.06,,
84431,258.9228,23.7428,5.99,1.33,,
85751,262.847,-56.921,5.99,-0.04,,
88012,269.6627,-28.7591,5.99,-0.08,,
89587,274.2213,-3.0074,5.99,0.89,,
90052,275.6472,12.0297,5.99,0.06,,
92391,282.4206,-5.9129,5.99,1.57,,
92833,283.7188,33.9686,5.99,0.92,,
96895,295.454,50.5251,5.99,0.64,,c Cyg
98738,300.8183,18.501,5.99,1.42,,
101909,309.7707,15.8382,5.99,-0.14,,
102162,310.5124,-76.1806,5.99,0.45,,μ1 Oct
102945,312.8573,-5.6266,5.99,0.46,,
103219,313.6848,75.9256,5.99,0.95,,
105574,320.7344,-9.3193,5.99,1.52,,
112117,340.6537,-47.2108,5.99,0.58,,
112862,342.8372,-29.5363,5.99,0.91,,
115806,351.9183,25.1673,5.99,-0.07,,
116653,354.5995,-76.8696,5.99,0.91,,
116768,354.9793,9.6773,5.99,0.21,,
3137,9.9665,-44.7963,6.0,1.14,,
9564,30.7187,64.9015,6.0,0.03,,
10215,32.8426,-10.0522,6.0,0.42,,
11687,37.6883,0.2557,6.0,0.17,,
11843,38.2256,15.0346,6.0,0.57,,
20075,64.567,-20.7153,6.0,1.6,,
20493,65.8849,20.982,6.0,0.03,,
23766,76.6238,61.1698,6.0,1.38,,
27265,86.6896,15.8225,6.0,-0.06,,
29808,94.1483,-39.2644,6.0,0.16,,
30318,95.6516,12.5702,6.0,0.32,,
34182,106.3265,22.6375,6.0,-0.03,,
34561,107.389,-16.2345,6.0,0.04,,
35611,110.2288,-26.9638,6.0,-0.17,,
40183,123.1283,-46.2643,6.0,-0.11,,
40889,125.168,72.4072,6.0,1.54,,
43392,132.5876,-42.0898,6.0,-0.11,,
50546,154.8616,48.3968,6.0,1.02,,
51194,156.8553,-65.7047,6.0,0.09,,
51200,156.8668,41.601,6.0,0.17,,
59384,182.7499,81.7098,6.0,1.62,,
60979,187.4912,-41.7359,6.0,1.51,,
61688,189.6859,-18.2501,6.0,0.31,,
62983,193.5777,-11.6486,6.0,0.07,,
63340,194.6972,75.4725,6.0,1.03,,
63948,196.5885,21.1534,6.0,0.39,,
65129,200.2014,-55.8007,6.0,0.24,,
66575,204.704,-57.6227,6.0,1.14,,
66925,205.7338,-56.768,6.0,-0.1,,
67545,207.6028,5.4972,6.0,0.9,,
68101,209.1373,-54.7047,6.0,0.78,,
71094,218.0843,26.6773,6.0,0.23,,
72848,223.349,19.1528,6.0,0.84,,
76810,235.2463,16.0246,6.0,0.91,,τ6 Ser
77678,237.8809,-47.0608,6.0,1.15,,
78665,240.8932,-32.0005,6.0,0.47,,
83601,256.3201,0.7026,6.0,0.58,,
84631,259.5206,17.3179,6.0,0.01,,
86561,265.3407,51.8182,6.0,1.07,,
87616,268.4782,-34.7527,6.0,-0.06,,
91525,279.9701,52.1961,6.0,-0.07,,
93855,286.7172,-16.2293,6.0,-0.03,,
96198,293.4234,49.2623,6.0,1.54,,
97402,296.9523,25.3841,6.0,0.99,,
97499,297.2592,-10.8708,6.0,1.23,,
105080,319.3094,55.798,6.0,1.45,,
107487,326.5678,-9.2759,6.0,1.63,,
108612,330.033,6.7174,6.0,-0.11,,
110873,336.9427,31.84,6.0,1.44,,
